user_ID,video_ID,video_name,rating_type,rating,timestamp
2,0,"['..\\videos\\source\\Beauty_LossLess.mp4', '.\\videos\\gray.mkv', '..\\videos\\SVP\\15\\Beauty_15_svp_60.mp4', '.\\videos\\gray.mkv', '..\\videos\\source\\Beauty_LossLess.mp4', '.\\videos\\gray.mkv', '..\\videos\\SVP\\15\\Beauty_15_svp_60.mp4']",radio,1,2022-06-24 13:29:28 161418
2,1,"['..\\videos\\source\\BallUnderWater_LossLess.mp4', '.\\videos\\gray.mkv', '..\\videos\\RIFE\\15\\BallUnderWater_15_rife-ncnn-v23_60.mp4', '.\\videos\\gray.mkv', '..\\videos\\source\\BallUnderWater_LossLess.mp4', '.\\videos\\gray.mkv', '..\\videos\\RIFE\\15\\BallUnderWater_15_rife-ncnn-v23_60.mp4']",radio,1,2022-06-24 13:30:26 868308
2,2,"['..\\videos\\source\\BarScene_LossLess.mp4', '.\\videos\\gray.mkv', '..\\videos\\RIFE\\15\\BarScene_15_rife-ncnn-v23_60.mp4', '.\\videos\\gray.mkv', '..\\videos\\source\\BarScene_LossLess.mp4', '.\\videos\\gray.mkv', '..\\videos\\RIFE\\15\\BarScene_15_rife-ncnn-v23_60.mp4']",radio,4,2022-06-24 13:30:52 698918
2,3,"['..\\videos\\source\\Birthday_LossLess.mp4', '.\\videos\\gray.mkv', '..\\videos\\RIFE\\15\\Birthday_15_rife-ncnn-v23_60.mp4', '.\\videos\\gray.mkv', '..\\videos\\source\\Birthday_LossLess.mp4', '.\\videos\\gray.mkv', '..\\videos\\RIFE\\15\\Birthday_15_rife-ncnn-v23_60.mp4']",radio,1,2022-06-24 13:31:27 199394
2,4,"['..\\videos\\source\\BarScene_LossLess.mp4', '.\\videos\\gray.mkv', '..\\videos\\RIFE\\30\\BarScene_30_rife-ncnn-v23_60.mp4', '.\\videos\\gray.mkv', '..\\videos\\source\\BarScene_LossLess.mp4', '.\\videos\\gray.mkv', '..\\videos\\RIFE\\30\\BarScene_30_rife-ncnn-v23_60.mp4']",radio,5,2022-06-24 13:31:48 803756
2,5,"['..\\videos\\source\\ArenaOfValor_LossLess.mp4', '.\\videos\\gray.mkv', '..\\videos\\duplicated\\15\\ArenaOfValor_15.mp4', '.\\videos\\gray.mkv', '..\\videos\\source\\ArenaOfValor_LossLess.mp4', '.\\videos\\gray.mkv', '..\\videos\\duplicated\\15\\ArenaOfValor_15.mp4']",radio,1,2022-06-24 13:32:48 075678
2,6,"['..\\videos\\source\\Beauty_LossLess.mp4', '.\\videos\\gray.mkv', '..\\videos\\duplicated\\15\\Beauty_15.mp4', '.\\videos\\gray.mkv', '..\\videos\\source\\Beauty_LossLess.mp4', '.\\videos\\gray.mkv', '..\\videos\\duplicated\\15\\Beauty_15.mp4']",radio,1,2022-06-24 13:33:12 233575
2,7,"['..\\videos\\source\\ArenaOfValor_LossLess.mp4', '.\\videos\\gray.mkv', '..\\videos\\RIFE\\30\\ArenaOfValor_30_rife-ncnn-v23_60.mp4', '.\\videos\\gray.mkv', '..\\videos\\source\\ArenaOfValor_LossLess.mp4', '.\\videos\\gray.mkv', '..\\videos\\RIFE\\30\\ArenaOfValor_30_rife-ncnn-v23_60.mp4']",radio,4,2022-06-24 13:34:06 210564
2,8,"['..\\videos\\source\\BarScene_LossLess.mp4', '.\\videos\\gray.mkv', '..\\videos\\SVP\\30\\BarScene_30_svp_60.mp4', '.\\videos\\gray.mkv', '..\\videos\\source\\BarScene_LossLess.mp4', '.\\videos\\gray.mkv', '..\\videos\\SVP\\30\\BarScene_30_svp_60.mp4']",radio,5,2022-06-24 13:34:30 684127
2,9,"['..\\videos\\source\\BallUnderWater_LossLess.mp4', '.\\videos\\gray.mkv', '..\\videos\\SVP\\30\\BallUnderWater_30_svp_60.mp4', '.\\videos\\gray.mkv', '..\\videos\\source\\BallUnderWater_LossLess.mp4', '.\\videos\\gray.mkv', '..\\videos\\SVP\\30\\BallUnderWater_30_svp_60.mp4']",radio,2,2022-06-24 13:46:05 308933
2,10,"['..\\videos\\source\\ArenaOfValor_LossLess.mp4', '.\\videos\\gray.mkv', '..\\videos\\SVP\\15\\ArenaOfValor_15_svp_60.mp4', '.\\videos\\gray.mkv', '..\\videos\\source\\ArenaOfValor_LossLess.mp4', '.\\videos\\gray.mkv', '..\\videos\\SVP\\15\\ArenaOfValor_15_svp_60.mp4']",radio,1,2022-06-24 13:47:03 400794
2,11,"['..\\videos\\source\\Beauty_LossLess.mp4', '.\\videos\\gray.mkv', '..\\videos\\duplicated\\30\\Beauty_30.mp4', '.\\videos\\gray.mkv', '..\\videos\\source\\Beauty_LossLess.mp4', '.\\videos\\gray.mkv', '..\\videos\\duplicated\\30\\Beauty_30.mp4']",radio,5,2022-06-24 13:47:28 270813
2,12,"['..\\videos\\source\\Beauty_LossLess.mp4', '.\\videos\\gray.mkv', '..\\videos\\SVP\\30\\Beauty_30_svp_60.mp4', '.\\videos\\gray.mkv', '..\\videos\\source\\Beauty_LossLess.mp4', '.\\videos\\gray.mkv', '..\\videos\\SVP\\30\\Beauty_30_svp_60.mp4']",radio,3,2022-06-24 13:47:51 416769
2,13,"['..\\videos\\source\\BallUnderWater_LossLess.mp4', '.\\videos\\gray.mkv', '..\\videos\\duplicated\\30\\BallUnderWater_30.mp4', '.\\videos\\gray.mkv', '..\\videos\\source\\BallUnderWater_LossLess.mp4', '.\\videos\\gray.mkv', '..\\videos\\duplicated\\30\\BallUnderWater_30.mp4']",radio,2,2022-06-24 13:48:48 056068
2,14,"['..\\videos\\source\\BallUnderWater_LossLess.mp4', '.\\videos\\gray.mkv', '..\\videos\\RIFE\\30\\BallUnderWater_30_rife-ncnn-v23_60.mp4', '.\\videos\\gray.mkv', '..\\videos\\source\\BallUnderWater_LossLess.mp4', '.\\videos\\gray.mkv', '..\\videos\\RIFE\\30\\BallUnderWater_30_rife-ncnn-v23_60.mp4']",radio,4,2022-06-24 13:49:56 995479
2,15,"['..\\videos\\source\\Birthday_LossLess.mp4', '.\\videos\\gray.mkv', '..\\videos\\duplicated\\30\\Birthday_30.mp4', '.\\videos\\gray.mkv', '..\\videos\\source\\Birthday_LossLess.mp4', '.\\videos\\gray.mkv', '..\\videos\\duplicated\\30\\Birthday_30.mp4']",radio,2,2022-06-24 13:50:20 740699
2,16,"['..\\videos\\source\\ArenaOfValor_LossLess.mp4', '.\\videos\\gray.mkv', '..\\videos\\duplicated\\30\\ArenaOfValor_30.mp4', '.\\videos\\gray.mkv', '..\\videos\\source\\ArenaOfValor_LossLess.mp4', '.\\videos\\gray.mkv', '..\\videos\\duplicated\\30\\ArenaOfValor_30.mp4']",radio,2,2022-06-24 13:51:06 072978
2,17,"['..\\videos\\source\\BarScene_LossLess.mp4', '.\\videos\\gray.mkv', '..\\videos\\duplicated\\15\\BarScene_15.mp4', '.\\videos\\gray.mkv', '..\\videos\\source\\BarScene_LossLess.mp4', '.\\videos\\gray.mkv', '..\\videos\\duplicated\\15\\BarScene_15.mp4']",radio,1,2022-06-24 13:51:29 603591
2,18,"['..\\videos\\source\\BarScene_LossLess.mp4', '.\\videos\\gray.mkv', '..\\videos\\SVP\\15\\BarScene_15_svp_60.mp4', '.\\videos\\gray.mkv', '..\\videos\\source\\BarScene_LossLess.mp4', '.\\videos\\gray.mkv', '..\\videos\\SVP\\15\\BarScene_15_svp_60.mp4']",radio,3,2022-06-24 13:51:56 132745
2,19,"['..\\videos\\source\\Birthday_LossLess.mp4', '.\\videos\\gray.mkv', '..\\videos\\SVP\\15\\Birthday_15_svp_60.mp4', '.\\videos\\gray.mkv', '..\\videos\\source\\Birthday_LossLess.mp4', '.\\videos\\gray.mkv', '..\\videos\\SVP\\15\\Birthday_15_svp_60.mp4']",radio,1,2022-06-24 13:52:18 028045
2,20,"['..\\videos\\source\\Birthday_LossLess.mp4', '.\\videos\\gray.mkv', '..\\videos\\duplicated\\15\\Birthday_15.mp4', '.\\videos\\gray.mkv', '..\\videos\\source\\Birthday_LossLess.mp4', '.\\videos\\gray.mkv', '..\\videos\\duplicated\\15\\Birthday_15.mp4']",radio,1,2022-06-24 13:52:39 510505
2,21,"['..\\videos\\source\\ArenaOfValor_LossLess.mp4', '.\\videos\\gray.mkv', '..\\videos\\SVP\\30\\ArenaOfValor_30_svp_60.mp4', '.\\videos\\gray.mkv', '..\\videos\\source\\ArenaOfValor_LossLess.mp4', '.\\videos\\gray.mkv', '..\\videos\\SVP\\30\\ArenaOfValor_30_svp_60.mp4']",radio,3,2022-06-24 13:53:37 958932
2,22,"['..\\videos\\source\\ArenaOfValor_LossLess.mp4', '.\\videos\\gray.mkv', '..\\videos\\RIFE\\15\\ArenaOfValor_15_rife-ncnn-v23_60.mp4', '.\\videos\\gray.mkv', '..\\videos\\source\\ArenaOfValor_LossLess.mp4', '.\\videos\\gray.mkv', '..\\videos\\RIFE\\15\\ArenaOfValor_15_rife-ncnn-v23_60.mp4']",radio,1,2022-06-24 13:54:32 859036
2,23,"['..\\videos\\source\\BallUnderWater_LossLess.mp4', '.\\videos\\gray.mkv', '..\\videos\\SVP\\15\\BallUnderWater_15_svp_60.mp4', '.\\videos\\gray.mkv', '..\\videos\\source\\BallUnderWater_LossLess.mp4', '.\\videos\\gray.mkv', '..\\videos\\SVP\\15\\BallUnderWater_15_svp_60.mp4']",radio,1,2022-06-24 13:55:29 552082
2,24,"['..\\videos\\source\\Birthday_LossLess.mp4', '.\\videos\\gray.mkv', '..\\videos\\SVP\\30\\Birthday_30_svp_60.mp4', '.\\videos\\gray.mkv', '..\\videos\\source\\Birthday_LossLess.mp4', '.\\videos\\gray.mkv', '..\\videos\\SVP\\30\\Birthday_30_svp_60.mp4']",radio,5,2022-06-24 13:55:52 280353
2,25,"['..\\videos\\source\\BallUnderWater_LossLess.mp4', '.\\videos\\gray.mkv', '..\\videos\\duplicated\\15\\BallUnderWater_15.mp4', '.\\videos\\gray.mkv', '..\\videos\\source\\BallUnderWater_LossLess.mp4', '.\\videos\\gray.mkv', '..\\videos\\duplicated\\15\\BallUnderWater_15.mp4']",radio,1,2022-06-24 13:56:49 948218
2,26,"['..\\videos\\source\\Beauty_LossLess.mp4', '.\\videos\\gray.mkv', '..\\videos\\RIFE\\30\\Beauty_30_rife-ncnn-v23_60.mp4', '.\\videos\\gray.mkv', '..\\videos\\source\\Beauty_LossLess.mp4', '.\\videos\\gray.mkv', '..\\videos\\RIFE\\30\\Beauty_30_rife-ncnn-v23_60.mp4']",radio,2,2022-06-24 13:57:11 597860
2,27,"['..\\videos\\source\\BarScene_LossLess.mp4', '.\\videos\\gray.mkv', '..\\videos\\duplicated\\30\\BarScene_30.mp4', '.\\videos\\gray.mkv', '..\\videos\\source\\BarScene_LossLess.mp4', '.\\videos\\gray.mkv', '..\\videos\\duplicated\\30\\BarScene_30.mp4']",radio,5,2022-06-24 13:57:34 070344
2,28,"['..\\videos\\source\\Birthday_LossLess.mp4', '.\\videos\\gray.mkv', '..\\videos\\RIFE\\30\\Birthday_30_rife-ncnn-v23_60.mp4', '.\\videos\\gray.mkv', '..\\videos\\source\\Birthday_LossLess.mp4', '.\\videos\\gray.mkv', '..\\videos\\RIFE\\30\\Birthday_30_rife-ncnn-v23_60.mp4']",radio,5,2022-06-24 13:57:56 553025
2,29,"['..\\videos\\source\\Beauty_LossLess.mp4', '.\\videos\\gray.mkv', '..\\videos\\RIFE\\15\\Beauty_15_rife-ncnn-v23_60.mp4', '.\\videos\\gray.mkv', '..\\videos\\source\\Beauty_LossLess.mp4', '.\\videos\\gray.mkv', '..\\videos\\RIFE\\15\\Beauty_15_rife-ncnn-v23_60.mp4']",radio,1,2022-06-24 13:58:23 833264
3,0,"['..\\videos\\source\\Bookcase_LossLess.mp4', '.\\videos\\gray.mkv', '..\\videos\\duplicated\\15\\Bookcase_15.mp4', '.\\videos\\gray.mkv', '..\\videos\\source\\Bookcase_LossLess.mp4', '.\\videos\\gray.mkv', '..\\videos\\duplicated\\15\\Bookcase_15.mp4']",radio,1,2022-06-24 14:48:07 014750
3,1,"['..\\videos\\source\\Bookcase_LossLess.mp4', '.\\videos\\gray.mkv', '..\\videos\\SVP\\30\\Bookcase_30_svp_60.mp4', '.\\videos\\gray.mkv', '..\\videos\\source\\Bookcase_LossLess.mp4', '.\\videos\\gray.mkv', '..\\videos\\SVP\\30\\Bookcase_30_svp_60.mp4']",radio,2,2022-06-24 14:49:00 666371
3,2,"['..\\videos\\source\\BirthdayFlashPart1_LossLess.mp4', '.\\videos\\gray.mkv', '..\\videos\\duplicated\\30\\BirthdayFlashPart1_30.mp4', '.\\videos\\gray.mkv', '..\\videos\\source\\BirthdayFlashPart1_LossLess.mp4', '.\\videos\\gray.mkv', '..\\videos\\duplicated\\30\\BirthdayFlashPart1_30.mp4']",radio,3,2022-06-24 14:49:22 861604
3,3,"['..\\videos\\source\\BoatPart2_LossLess.mp4', '.\\videos\\gray.mkv', '..\\videos\\duplicated\\30\\BoatPart2_30.mp4', '.\\videos\\gray.mkv', '..\\videos\\source\\BoatPart2_LossLess.mp4', '.\\videos\\gray.mkv', '..\\videos\\duplicated\\30\\BoatPart2_30.mp4']",radio,1,2022-06-24 14:49:58 362729
3,4,"['..\\videos\\source\\BirthdayFlashPart1_LossLess.mp4', '.\\videos\\gray.mkv', '..\\videos\\RIFE\\15\\BirthdayFlashPart1_15_rife-ncnn-v23_60.mp4', '.\\videos\\gray.mkv', '..\\videos\\source\\BirthdayFlashPart1_LossLess.mp4', '.\\videos\\gray.mkv', '..\\videos\\RIFE\\15\\BirthdayFlashPart1_15_rife-ncnn-v23_60.mp4']",radio,1,2022-06-24 14:50:20 236463
3,5,"['..\\videos\\source\\Bosphorus_LossLess.mp4', '.\\videos\\gray.mkv', '..\\videos\\duplicated\\15\\Bosphorus_15.mp4', '.\\videos\\gray.mkv', '..\\videos\\source\\Bosphorus_LossLess.mp4', '.\\videos\\gray.mkv', '..\\videos\\duplicated\\15\\Bosphorus_15.mp4']",radio,2,2022-06-24 14:50:47 459172
3,6,"['..\\videos\\source\\Bosphorus_LossLess.mp4', '.\\videos\\gray.mkv', '..\\videos\\SVP\\15\\Bosphorus_15_svp_60.mp4', '.\\videos\\gray.mkv', '..\\videos\\source\\Bosphorus_LossLess.mp4', '.\\videos\\gray.mkv', '..\\videos\\SVP\\15\\Bosphorus_15_svp_60.mp4']",radio,2,2022-06-24 14:51:13 436677
3,7,"['..\\videos\\source\\Bookcase_LossLess.mp4', '.\\videos\\gray.mkv', '..\\videos\\RIFE\\30\\Bookcase_30_rife-ncnn-v23_60.mp4', '.\\videos\\gray.mkv', '..\\videos\\source\\Bookcase_LossLess.mp4', '.\\videos\\gray.mkv', '..\\videos\\RIFE\\30\\Bookcase_30_rife-ncnn-v23_60.mp4']",radio,4,2022-06-24 14:52:07 457041
3,8,"['..\\videos\\source\\Bookcase_LossLess.mp4', '.\\videos\\gray.mkv', '..\\videos\\SVP\\15\\Bookcase_15_svp_60.mp4', '.\\videos\\gray.mkv', '..\\videos\\source\\Bookcase_LossLess.mp4', '.\\videos\\gray.mkv', '..\\videos\\SVP\\15\\Bookcase_15_svp_60.mp4']",radio,3,2022-06-24 14:53:03 842221
3,9,"['..\\videos\\source\\BirthdayFlashPart2_LossLess.mp4', '.\\videos\\gray.mkv', '..\\videos\\RIFE\\15\\BirthdayFlashPart2_15_rife-ncnn-v23_60.mp4', '.\\videos\\gray.mkv', '..\\videos\\source\\BirthdayFlashPart2_LossLess.mp4', '.\\videos\\gray.mkv', '..\\videos\\RIFE\\15\\BirthdayFlashPart2_15_rife-ncnn-v23_60.mp4']",radio,2,2022-06-24 14:53:26 604012
3,10,"['..\\videos\\source\\BirthdayFlashPart2_LossLess.mp4', '.\\videos\\gray.mkv', '..\\videos\\SVP\\30\\BirthdayFlashPart2_30_svp_60.mp4', '.\\videos\\gray.mkv', '..\\videos\\source\\BirthdayFlashPart2_LossLess.mp4', '.\\videos\\gray.mkv', '..\\videos\\SVP\\30\\BirthdayFlashPart2_30_svp_60.mp4']",radio,2,2022-06-24 14:53:49 920243
3,11,"['..\\videos\\source\\BirthdayFlashPart2_LossLess.mp4', '.\\videos\\gray.mkv', '..\\videos\\RIFE\\30\\BirthdayFlashPart2_30_rife-ncnn-v23_60.mp4', '.\\videos\\gray.mkv', '..\\videos\\source\\BirthdayFlashPart2_LossLess.mp4', '.\\videos\\gray.mkv', '..\\videos\\RIFE\\30\\BirthdayFlashPart2_30_rife-ncnn-v23_60.mp4']",radio,4,2022-06-24 14:54:13 277925
3,12,"['..\\videos\\source\\Bosphorus_LossLess.mp4', '.\\videos\\gray.mkv', '..\\videos\\RIFE\\30\\Bosphorus_30_rife-ncnn-v23_60.mp4', '.\\videos\\gray.mkv', '..\\videos\\source\\Bosphorus_LossLess.mp4', '.\\videos\\gray.mkv', '..\\videos\\RIFE\\30\\Bosphorus_30_rife-ncnn-v23_60.mp4']",radio,5,2022-06-24 14:54:35 027540
3,13,"['..\\videos\\source\\Bosphorus_LossLess.mp4', '.\\videos\\gray.mkv', '..\\videos\\duplicated\\30\\Bosphorus_30.mp4', '.\\videos\\gray.mkv', '..\\videos\\source\\Bosphorus_LossLess.mp4', '.\\videos\\gray.mkv', '..\\videos\\duplicated\\30\\Bosphorus_30.mp4']",radio,3,2022-06-24 14:55:03 389586
3,14,"['..\\videos\\source\\BoatPart2_LossLess.mp4', '.\\videos\\gray.mkv', '..\\videos\\RIFE\\30\\BoatPart2_30_rife-ncnn-v23_60.mp4', '.\\videos\\gray.mkv', '..\\videos\\source\\BoatPart2_LossLess.mp4', '.\\videos\\gray.mkv', '..\\videos\\RIFE\\30\\BoatPart2_30_rife-ncnn-v23_60.mp4']",radio,3,2022-06-24 14:55:45 565969
3,15,"['..\\videos\\source\\BirthdayFlashPart1_LossLess.mp4', '.\\videos\\gray.mkv', '..\\videos\\SVP\\30\\BirthdayFlashPart1_30_svp_60.mp4', '.\\videos\\gray.mkv', '..\\videos\\source\\BirthdayFlashPart1_LossLess.mp4', '.\\videos\\gray.mkv', '..\\videos\\SVP\\30\\BirthdayFlashPart1_30_svp_60.mp4']",radio,3,2022-06-24 14:56:10 451389
3,16,"['..\\videos\\source\\Bosphorus_LossLess.mp4', '.\\videos\\gray.mkv', '..\\videos\\RIFE\\15\\Bosphorus_15_rife-ncnn-v23_60.mp4', '.\\videos\\gray.mkv', '..\\videos\\source\\Bosphorus_LossLess.mp4', '.\\videos\\gray.mkv', '..\\videos\\RIFE\\15\\Bosphorus_15_rife-ncnn-v23_60.mp4']",radio,4,2022-06-24 14:56:31 887757
3,17,"['..\\videos\\source\\BoatPart2_LossLess.mp4', '.\\videos\\gray.mkv', '..\\videos\\duplicated\\15\\BoatPart2_15.mp4', '.\\videos\\gray.mkv', '..\\videos\\source\\BoatPart2_LossLess.mp4', '.\\videos\\gray.mkv', '..\\videos\\duplicated\\15\\BoatPart2_15.mp4']",radio,1,2022-06-24 14:57:10 639688
3,18,"['..\\videos\\source\\BoatPart2_LossLess.mp4', '.\\videos\\gray.mkv', '..\\videos\\RIFE\\15\\BoatPart2_15_rife-ncnn-v23_60.mp4', '.\\videos\\gray.mkv', '..\\videos\\source\\BoatPart2_LossLess.mp4', '.\\videos\\gray.mkv', '..\\videos\\RIFE\\15\\BoatPart2_15_rife-ncnn-v23_60.mp4']",radio,2,2022-06-24 14:57:51 192460
3,19,"['..\\videos\\source\\BoatPart2_LossLess.mp4', '.\\videos\\gray.mkv', '..\\videos\\SVP\\30\\BoatPart2_30_svp_60.mp4', '.\\videos\\gray.mkv', '..\\videos\\source\\BoatPart2_LossLess.mp4', '.\\videos\\gray.mkv', '..\\videos\\SVP\\30\\BoatPart2_30_svp_60.mp4']",radio,5,2022-06-24 14:58:29 454225
3,20,"['..\\videos\\source\\BirthdayFlashPart2_LossLess.mp4', '.\\videos\\gray.mkv', '..\\videos\\duplicated\\15\\BirthdayFlashPart2_15.mp4', '.\\videos\\gray.mkv', '..\\videos\\source\\BirthdayFlashPart2_LossLess.mp4', '.\\videos\\gray.mkv', '..\\videos\\duplicated\\15\\BirthdayFlashPart2_15.mp4']",radio,1,2022-06-24 14:58:52 610595
3,21,"['..\\videos\\source\\BirthdayFlashPart1_LossLess.mp4', '.\\videos\\gray.mkv', '..\\videos\\duplicated\\15\\BirthdayFlashPart1_15.mp4', '.\\videos\\gray.mkv', '..\\videos\\source\\BirthdayFlashPart1_LossLess.mp4', '.\\videos\\gray.mkv', '..\\videos\\duplicated\\15\\BirthdayFlashPart1_15.mp4']",radio,2,2022-06-24 14:59:14 001758
3,22,"['..\\videos\\source\\BirthdayFlashPart1_LossLess.mp4', '.\\videos\\gray.mkv', '..\\videos\\RIFE\\30\\BirthdayFlashPart1_30_rife-ncnn-v23_60.mp4', '.\\videos\\gray.mkv', '..\\videos\\source\\BirthdayFlashPart1_LossLess.mp4', '.\\videos\\gray.mkv', '..\\videos\\RIFE\\30\\BirthdayFlashPart1_30_rife-ncnn-v23_60.mp4']",radio,4,2022-06-24 14:59:37 767537
3,23,"['..\\videos\\source\\BirthdayFlashPart2_LossLess.mp4', '.\\videos\\gray.mkv', '..\\videos\\duplicated\\30\\BirthdayFlashPart2_30.mp4', '.\\videos\\gray.mkv', '..\\videos\\source\\BirthdayFlashPart2_LossLess.mp4', '.\\videos\\gray.mkv', '..\\videos\\duplicated\\30\\BirthdayFlashPart2_30.mp4']",radio,3,2022-06-24 14:59:59 418995
3,24,"['..\\videos\\source\\Bookcase_LossLess.mp4', '.\\videos\\gray.mkv', '..\\videos\\RIFE\\15\\Bookcase_15_rife-ncnn-v23_60.mp4', '.\\videos\\gray.mkv', '..\\videos\\source\\Bookcase_LossLess.mp4', '.\\videos\\gray.mkv', '..\\videos\\RIFE\\15\\Bookcase_15_rife-ncnn-v23_60.mp4']",radio,4,2022-06-24 15:00:53 295099
3,25,"['..\\videos\\source\\BoatPart2_LossLess.mp4', '.\\videos\\gray.mkv', '..\\videos\\SVP\\15\\BoatPart2_15_svp_60.mp4', '.\\videos\\gray.mkv', '..\\videos\\source\\BoatPart2_LossLess.mp4', '.\\videos\\gray.mkv', '..\\videos\\SVP\\15\\BoatPart2_15_svp_60.mp4']",radio,2,2022-06-24 15:01:32 189226
3,26,"['..\\videos\\source\\BirthdayFlashPart1_LossLess.mp4', '.\\videos\\gray.mkv', '..\\videos\\SVP\\15\\BirthdayFlashPart1_15_svp_60.mp4', '.\\videos\\gray.mkv', '..\\videos\\source\\BirthdayFlashPart1_LossLess.mp4', '.\\videos\\gray.mkv', '..\\videos\\SVP\\15\\BirthdayFlashPart1_15_svp_60.mp4']",radio,2,2022-06-24 15:01:58 655505
3,27,"['..\\videos\\source\\Bookcase_LossLess.mp4', '.\\videos\\gray.mkv', '..\\videos\\duplicated\\30\\Bookcase_30.mp4', '.\\videos\\gray.mkv', '..\\videos\\source\\Bookcase_LossLess.mp4', '.\\videos\\gray.mkv', '..\\videos\\duplicated\\30\\Bookcase_30.mp4']",radio,1,2022-06-24 15:02:53 053963
3,28,"['..\\videos\\source\\BirthdayFlashPart2_LossLess.mp4', '.\\videos\\gray.mkv', '..\\videos\\SVP\\15\\BirthdayFlashPart2_15_svp_60.mp4', '.\\videos\\gray.mkv', '..\\videos\\source\\BirthdayFlashPart2_LossLess.mp4', '.\\videos\\gray.mkv', '..\\videos\\SVP\\15\\BirthdayFlashPart2_15_svp_60.mp4']",radio,1,2022-06-24 15:03:19 346074
3,29,"['..\\videos\\source\\Bosphorus_LossLess.mp4', '.\\videos\\gray.mkv', '..\\videos\\SVP\\30\\Bosphorus_30_svp_60.mp4', '.\\videos\\gray.mkv', '..\\videos\\source\\Bosphorus_LossLess.mp4', '.\\videos\\gray.mkv', '..\\videos\\SVP\\30\\Bosphorus_30_svp_60.mp4']",radio,4,2022-06-24 15:03:42 796070
4,0,"['..\\videos\\source\\BricksBushesStatic_LossLess.mp4', '.\\videos\\gray.mkv', '..\\videos\\RIFE\\30\\BricksBushesStatic_30_rife-ncnn-v23_60.mp4', '.\\videos\\gray.mkv', '..\\videos\\source\\BricksBushesStatic_LossLess.mp4', '.\\videos\\gray.mkv', '..\\videos\\RIFE\\30\\BricksBushesStatic_30_rife-ncnn-v23_60.mp4']",radio,2,2022-06-24 16:24:45 027401
4,1,"['..\\videos\\source\\BricksLeaves_LossLess.mp4', '.\\videos\\gray.mkv', '..\\videos\\RIFE\\15\\BricksLeaves_15_rife-ncnn-v23_60.mp4', '.\\videos\\gray.mkv', '..\\videos\\source\\BricksLeaves_LossLess.mp4', '.\\videos\\gray.mkv', '..\\videos\\RIFE\\15\\BricksLeaves_15_rife-ncnn-v23_60.mp4']",radio,1,2022-06-24 16:25:40 031311
4,2,"['..\\videos\\source\\BricksLeaves_LossLess.mp4', '.\\videos\\gray.mkv', '..\\videos\\RIFE\\30\\BricksLeaves_30_rife-ncnn-v23_60.mp4', '.\\videos\\gray.mkv', '..\\videos\\source\\BricksLeaves_LossLess.mp4', '.\\videos\\gray.mkv', '..\\videos\\RIFE\\30\\BricksLeaves_30_rife-ncnn-v23_60.mp4']",radio,1,2022-06-24 16:26:33 969722
4,3,"['..\\videos\\source\\BoxerFace_LossLess.mp4', '.\\videos\\gray.mkv', '..\\videos\\RIFE\\15\\BoxerFace_15_rife-ncnn-v23_60.mp4', '.\\videos\\gray.mkv', '..\\videos\\source\\BoxerFace_LossLess.mp4', '.\\videos\\gray.mkv', '..\\videos\\RIFE\\15\\BoxerFace_15_rife-ncnn-v23_60.mp4']",radio,1,2022-06-24 16:26:56 635187
4,4,"['..\\videos\\source\\BoxerFace_LossLess.mp4', '.\\videos\\gray.mkv', '..\\videos\\duplicated\\15\\BoxerFace_15.mp4', '.\\videos\\gray.mkv', '..\\videos\\source\\BoxerFace_LossLess.mp4', '.\\videos\\gray.mkv', '..\\videos\\duplicated\\15\\BoxerFace_15.mp4']",radio,1,2022-06-24 16:27:18 792247
4,5,"['..\\videos\\source\\BricksBushesStatic_LossLess.mp4', '.\\videos\\gray.mkv', '..\\videos\\RIFE\\15\\BricksBushesStatic_15_rife-ncnn-v23_60.mp4', '.\\videos\\gray.mkv', '..\\videos\\source\\BricksBushesStatic_LossLess.mp4', '.\\videos\\gray.mkv', '..\\videos\\RIFE\\15\\BricksBushesStatic_15_rife-ncnn-v23_60.mp4']",radio,1,2022-06-24 16:28:14 629639
4,6,"['..\\videos\\source\\Bridge_LossLess.mp4', '.\\videos\\gray.mkv', '..\\videos\\SVP\\30\\Bridge_30_svp_60.mp4', '.\\videos\\gray.mkv', '..\\videos\\source\\Bridge_LossLess.mp4', '.\\videos\\gray.mkv', '..\\videos\\SVP\\30\\Bridge_30_svp_60.mp4']",radio,5,2022-06-24 16:29:31 545318
4,7,"['..\\videos\\source\\Bridge_LossLess.mp4', '.\\videos\\gray.mkv', '..\\videos\\RIFE\\30\\Bridge_30_rife-ncnn-v23_60.mp4', '.\\videos\\gray.mkv', '..\\videos\\source\\Bridge_LossLess.mp4', '.\\videos\\gray.mkv', '..\\videos\\RIFE\\30\\Bridge_30_rife-ncnn-v23_60.mp4']",radio,5,2022-06-24 16:30:53 887300
4,8,"['..\\videos\\source\\BricksLeaves_LossLess.mp4', '.\\videos\\gray.mkv', '..\\videos\\duplicated\\30\\BricksLeaves_30.mp4', '.\\videos\\gray.mkv', '..\\videos\\source\\BricksLeaves_LossLess.mp4', '.\\videos\\gray.mkv', '..\\videos\\duplicated\\30\\BricksLeaves_30.mp4']",radio,2,2022-06-24 16:31:49 727797
4,9,"['..\\videos\\source\\BricksLeaves_LossLess.mp4', '.\\videos\\gray.mkv', '..\\videos\\SVP\\15\\BricksLeaves_15_svp_60.mp4', '.\\videos\\gray.mkv', '..\\videos\\source\\BricksLeaves_LossLess.mp4', '.\\videos\\gray.mkv', '..\\videos\\SVP\\15\\BricksLeaves_15_svp_60.mp4']",radio,1,2022-06-24 16:32:43 689662
4,10,"['..\\videos\\source\\BoxerFace_LossLess.mp4', '.\\videos\\gray.mkv', '..\\videos\\duplicated\\30\\BoxerFace_30.mp4', '.\\videos\\gray.mkv', '..\\videos\\source\\BoxerFace_LossLess.mp4', '.\\videos\\gray.mkv', '..\\videos\\duplicated\\30\\BoxerFace_30.mp4']",radio,3,2022-06-24 16:33:06 357701
4,11,"['..\\videos\\source\\BridgeViewTraffic_LossLess.mp4', '.\\videos\\gray.mkv', '..\\videos\\RIFE\\30\\BridgeViewTraffic_30_rife-ncnn-v23_60.mp4', '.\\videos\\gray.mkv', '..\\videos\\source\\BridgeViewTraffic_LossLess.mp4', '.\\videos\\gray.mkv', '..\\videos\\RIFE\\30\\BridgeViewTraffic_30_rife-ncnn-v23_60.mp4']",radio,5,2022-06-24 16:33:27 986384
4,12,"['..\\videos\\source\\BridgeViewTraffic_LossLess.mp4', '.\\videos\\gray.mkv', '..\\videos\\SVP\\15\\BridgeViewTraffic_15_svp_60.mp4', '.\\videos\\gray.mkv', '..\\videos\\source\\BridgeViewTraffic_LossLess.mp4', '.\\videos\\gray.mkv', '..\\videos\\SVP\\15\\BridgeViewTraffic_15_svp_60.mp4']",radio,1,2022-06-24 16:33:54 133693
4,13,"['..\\videos\\source\\BricksLeaves_LossLess.mp4', '.\\videos\\gray.mkv', '..\\videos\\duplicated\\15\\BricksLeaves_15.mp4', '.\\videos\\gray.mkv', '..\\videos\\source\\BricksLeaves_LossLess.mp4', '.\\videos\\gray.mkv', '..\\videos\\duplicated\\15\\BricksLeaves_15.mp4']",radio,1,2022-06-24 16:34:50 758227
4,14,"['..\\videos\\source\\Bridge_LossLess.mp4', '.\\videos\\gray.mkv', '..\\videos\\SVP\\15\\Bridge_15_svp_60.mp4', '.\\videos\\gray.mkv', '..\\videos\\source\\Bridge_LossLess.mp4', '.\\videos\\gray.mkv', '..\\videos\\SVP\\15\\Bridge_15_svp_60.mp4']",radio,1,2022-06-24 16:36:08 576683
4,15,"['..\\videos\\source\\BridgeViewTraffic_LossLess.mp4', '.\\videos\\gray.mkv', '..\\videos\\duplicated\\15\\BridgeViewTraffic_15.mp4', '.\\videos\\gray.mkv', '..\\videos\\source\\BridgeViewTraffic_LossLess.mp4', '.\\videos\\gray.mkv', '..\\videos\\duplicated\\15\\BridgeViewTraffic_15.mp4']",radio,1,2022-06-24 16:36:41 719859
4,16,"['..\\videos\\source\\Bridge_LossLess.mp4', '.\\videos\\gray.mkv', '..\\videos\\duplicated\\15\\Bridge_15.mp4', '.\\videos\\gray.mkv', '..\\videos\\source\\Bridge_LossLess.mp4', '.\\videos\\gray.mkv', '..\\videos\\duplicated\\15\\Bridge_15.mp4']",radio,1,2022-06-24 16:38:01 247329
4,17,"['..\\videos\\source\\BoxerFace_LossLess.mp4', '.\\videos\\gray.mkv', '..\\videos\\SVP\\30\\BoxerFace_30_svp_60.mp4', '.\\videos\\gray.mkv', '..\\videos\\source\\BoxerFace_LossLess.mp4', '.\\videos\\gray.mkv', '..\\videos\\SVP\\30\\BoxerFace_30_svp_60.mp4']",radio,2,2022-06-24 16:38:23 999842
4,18,"['..\\videos\\source\\BricksBushesStatic_LossLess.mp4', '.\\videos\\gray.mkv', '..\\videos\\SVP\\15\\BricksBushesStatic_15_svp_60.mp4', '.\\videos\\gray.mkv', '..\\videos\\source\\BricksBushesStatic_LossLess.mp4', '.\\videos\\gray.mkv', '..\\videos\\SVP\\15\\BricksBushesStatic_15_svp_60.mp4']",radio,1,2022-06-24 16:39:20 091302
4,19,"['..\\videos\\source\\BridgeViewTraffic_LossLess.mp4', '.\\videos\\gray.mkv', '..\\videos\\SVP\\30\\BridgeViewTraffic_30_svp_60.mp4', '.\\videos\\gray.mkv', '..\\videos\\source\\BridgeViewTraffic_LossLess.mp4', '.\\videos\\gray.mkv', '..\\videos\\SVP\\30\\BridgeViewTraffic_30_svp_60.mp4']",radio,5,2022-06-24 16:39:42 588627
4,20,"['..\\videos\\source\\BricksLeaves_LossLess.mp4', '.\\videos\\gray.mkv', '..\\videos\\SVP\\30\\BricksLeaves_30_svp_60.mp4', '.\\videos\\gray.mkv', '..\\videos\\source\\BricksLeaves_LossLess.mp4', '.\\videos\\gray.mkv', '..\\videos\\SVP\\30\\BricksLeaves_30_svp_60.mp4']",radio,4,2022-06-24 16:40:40 602707
4,21,"['..\\videos\\source\\BridgeViewTraffic_LossLess.mp4', '.\\videos\\gray.mkv', '..\\videos\\RIFE\\15\\BridgeViewTraffic_15_rife-ncnn-v23_60.mp4', '.\\videos\\gray.mkv', '..\\videos\\source\\BridgeViewTraffic_LossLess.mp4', '.\\videos\\gray.mkv', '..\\videos\\RIFE\\15\\BridgeViewTraffic_15_rife-ncnn-v23_60.mp4']",radio,5,2022-06-24 16:41:02 651448
4,22,"['..\\videos\\source\\BricksBushesStatic_LossLess.mp4', '.\\videos\\gray.mkv', '..\\videos\\duplicated\\15\\BricksBushesStatic_15.mp4', '.\\videos\\gray.mkv', '..\\videos\\source\\BricksBushesStatic_LossLess.mp4', '.\\videos\\gray.mkv', '..\\videos\\duplicated\\15\\BricksBushesStatic_15.mp4']",radio,1,2022-06-24 16:42:02 332948
4,23,"['..\\videos\\source\\Bridge_LossLess.mp4', '.\\videos\\gray.mkv', '..\\videos\\RIFE\\15\\Bridge_15_rife-ncnn-v23_60.mp4', '.\\videos\\gray.mkv', '..\\videos\\source\\Bridge_LossLess.mp4', '.\\videos\\gray.mkv', '..\\videos\\RIFE\\15\\Bridge_15_rife-ncnn-v23_60.mp4']",radio,1,2022-06-24 16:43:21 650501
4,24,"['..\\videos\\source\\BoxerFace_LossLess.mp4', '.\\videos\\gray.mkv', '..\\videos\\RIFE\\30\\BoxerFace_30_rife-ncnn-v23_60.mp4', '.\\videos\\gray.mkv', '..\\videos\\source\\BoxerFace_LossLess.mp4', '.\\videos\\gray.mkv', '..\\videos\\RIFE\\30\\BoxerFace_30_rife-ncnn-v23_60.mp4']",radio,3,2022-06-24 16:43:45 434524
4,25,"['..\\videos\\source\\BridgeViewTraffic_LossLess.mp4', '.\\videos\\gray.mkv', '..\\videos\\duplicated\\30\\BridgeViewTraffic_30.mp4', '.\\videos\\gray.mkv', '..\\videos\\source\\BridgeViewTraffic_LossLess.mp4', '.\\videos\\gray.mkv', '..\\videos\\duplicated\\30\\BridgeViewTraffic_30.mp4']",radio,3,2022-06-24 16:44:08 799247
4,26,"['..\\videos\\source\\BricksBushesStatic_LossLess.mp4', '.\\videos\\gray.mkv', '..\\videos\\duplicated\\30\\BricksBushesStatic_30.mp4', '.\\videos\\gray.mkv', '..\\videos\\source\\BricksBushesStatic_LossLess.mp4', '.\\videos\\gray.mkv', '..\\videos\\duplicated\\30\\BricksBushesStatic_30.mp4']",radio,4,2022-06-24 16:45:39 778894
4,27,"['..\\videos\\source\\Bridge_LossLess.mp4', '.\\videos\\gray.mkv', '..\\videos\\duplicated\\30\\Bridge_30.mp4', '.\\videos\\gray.mkv', '..\\videos\\source\\Bridge_LossLess.mp4', '.\\videos\\gray.mkv', '..\\videos\\duplicated\\30\\Bridge_30.mp4']",radio,4,2022-06-24 16:46:59 567864
4,28,"['..\\videos\\source\\BricksBushesStatic_LossLess.mp4', '.\\videos\\gray.mkv', '..\\videos\\SVP\\30\\BricksBushesStatic_30_svp_60.mp4', '.\\videos\\gray.mkv', '..\\videos\\source\\BricksBushesStatic_LossLess.mp4', '.\\videos\\gray.mkv', '..\\videos\\SVP\\30\\BricksBushesStatic_30_svp_60.mp4']",radio,4,2022-06-24 16:47:56 269911
4,29,"['..\\videos\\source\\BoxerFace_LossLess.mp4', '.\\videos\\gray.mkv', '..\\videos\\SVP\\15\\BoxerFace_15_svp_60.mp4', '.\\videos\\gray.mkv', '..\\videos\\source\\BoxerFace_LossLess.mp4', '.\\videos\\gray.mkv', '..\\videos\\SVP\\15\\BoxerFace_15_svp_60.mp4']",radio,1,2022-06-24 16:48:19 855289
5,0,"['..\\videos\\source\\CarpetSlowTrans_LossLess.mp4', '.\\videos\\gray.mkv', '..\\videos\\duplicated\\30\\CarpetSlowTrans_30.mp4', '.\\videos\\gray.mkv', '..\\videos\\source\\CarpetSlowTrans_LossLess.mp4', '.\\videos\\gray.mkv', '..\\videos\\duplicated\\30\\CarpetSlowTrans_30.mp4']",radio,2,2022-06-27 11:02:38 620529
5,1,"['..\\videos\\source\\CarpetCircleFast_LossLess.mp4', '.\\videos\\gray.mkv', '..\\videos\\duplicated\\15\\CarpetCircleFast_15.mp4', '.\\videos\\gray.mkv', '..\\videos\\source\\CarpetCircleFast_LossLess.mp4', '.\\videos\\gray.mkv', '..\\videos\\duplicated\\15\\CarpetCircleFast_15.mp4']",radio,2,2022-06-27 11:03:36 496369
5,2,"['..\\videos\\source\\CarpetCircleFast_LossLess.mp4', '.\\videos\\gray.mkv', '..\\videos\\SVP\\30\\CarpetCircleFast_30_svp_60.mp4', '.\\videos\\gray.mkv', '..\\videos\\source\\CarpetCircleFast_LossLess.mp4', '.\\videos\\gray.mkv', '..\\videos\\SVP\\30\\CarpetCircleFast_30_svp_60.mp4']",radio,4,2022-06-27 11:04:30 728835
5,3,"['..\\videos\\source\\CarpetSlowTrans_LossLess.mp4', '.\\videos\\gray.mkv', '..\\videos\\duplicated\\15\\CarpetSlowTrans_15.mp4', '.\\videos\\gray.mkv', '..\\videos\\source\\CarpetSlowTrans_LossLess.mp4', '.\\videos\\gray.mkv', '..\\videos\\duplicated\\15\\CarpetSlowTrans_15.mp4']",radio,1,2022-06-27 11:05:52 313711
5,4,"['..\\videos\\source\\BubblesClear_LossLess.mp4', '.\\videos\\gray.mkv', '..\\videos\\duplicated\\30\\BubblesClear_30.mp4', '.\\videos\\gray.mkv', '..\\videos\\source\\BubblesClear_LossLess.mp4', '.\\videos\\gray.mkv', '..\\videos\\duplicated\\30\\BubblesClear_30.mp4']",radio,1,2022-06-27 11:06:47 380238
5,5,"['..\\videos\\source\\CarpetCircleFast_LossLess.mp4', '.\\videos\\gray.mkv', '..\\videos\\SVP\\15\\CarpetCircleFast_15_svp_60.mp4', '.\\videos\\gray.mkv', '..\\videos\\source\\CarpetCircleFast_LossLess.mp4', '.\\videos\\gray.mkv', '..\\videos\\SVP\\15\\CarpetCircleFast_15_svp_60.mp4']",radio,1,2022-06-27 11:07:44 919994
5,6,"['..\\videos\\source\\CarpetCircleFast_LossLess.mp4', '.\\videos\\gray.mkv', '..\\videos\\RIFE\\15\\CarpetCircleFast_15_rife-ncnn-v23_60.mp4', '.\\videos\\gray.mkv', '..\\videos\\source\\CarpetCircleFast_LossLess.mp4', '.\\videos\\gray.mkv', '..\\videos\\RIFE\\15\\CarpetCircleFast_15_rife-ncnn-v23_60.mp4']",radio,1,2022-06-27 11:08:46 001266
5,7,"['..\\videos\\source\\CalmingWater_LossLess.mp4', '.\\videos\\gray.mkv', '..\\videos\\duplicated\\30\\CalmingWater_30.mp4', '.\\videos\\gray.mkv', '..\\videos\\source\\CalmingWater_LossLess.mp4', '.\\videos\\gray.mkv', '..\\videos\\duplicated\\30\\CalmingWater_30.mp4']",radio,3,2022-06-27 11:09:42 153376
5,8,"['..\\videos\\source\\CarpetCircleFast_LossLess.mp4', '.\\videos\\gray.mkv', '..\\videos\\RIFE\\30\\CarpetCircleFast_30_rife-ncnn-v23_60.mp4', '.\\videos\\gray.mkv', '..\\videos\\source\\CarpetCircleFast_LossLess.mp4', '.\\videos\\gray.mkv', '..\\videos\\RIFE\\30\\CarpetCircleFast_30_rife-ncnn-v23_60.mp4']",radio,4,2022-06-27 11:10:38 769589
5,9,"['..\\videos\\source\\BubblesClear_LossLess.mp4', '.\\videos\\gray.mkv', '..\\videos\\SVP\\30\\BubblesClear_30_svp_60.mp4', '.\\videos\\gray.mkv', '..\\videos\\source\\BubblesClear_LossLess.mp4', '.\\videos\\gray.mkv', '..\\videos\\SVP\\30\\BubblesClear_30_svp_60.mp4']",radio,2,2022-06-27 11:14:03 523319
5,10,"['..\\videos\\source\\BubblesClear_LossLess.mp4', '.\\videos\\gray.mkv', '..\\videos\\duplicated\\15\\BubblesClear_15.mp4', '.\\videos\\gray.mkv', '..\\videos\\source\\BubblesClear_LossLess.mp4', '.\\videos\\gray.mkv', '..\\videos\\duplicated\\15\\BubblesClear_15.mp4']",radio,1,2022-06-27 11:15:01 882914
5,11,"['..\\videos\\source\\CarpetSlowTrans_LossLess.mp4', '.\\videos\\gray.mkv', '..\\videos\\RIFE\\30\\CarpetSlowTrans_30_rife-ncnn-v23_60.mp4', '.\\videos\\gray.mkv', '..\\videos\\source\\CarpetSlowTrans_LossLess.mp4', '.\\videos\\gray.mkv', '..\\videos\\RIFE\\30\\CarpetSlowTrans_30_rife-ncnn-v23_60.mp4']",radio,4,2022-06-27 11:16:02 151086
5,12,"['..\\videos\\source\\CalmingWater_LossLess.mp4', '.\\videos\\gray.mkv', '..\\videos\\SVP\\15\\CalmingWater_15_svp_60.mp4', '.\\videos\\gray.mkv', '..\\videos\\source\\CalmingWater_LossLess.mp4', '.\\videos\\gray.mkv', '..\\videos\\SVP\\15\\CalmingWater_15_svp_60.mp4']",radio,1,2022-06-27 11:17:00 395097
5,13,"['..\\videos\\source\\CarpetSlowTrans_LossLess.mp4', '.\\videos\\gray.mkv', '..\\videos\\SVP\\15\\CarpetSlowTrans_15_svp_60.mp4', '.\\videos\\gray.mkv', '..\\videos\\source\\CarpetSlowTrans_LossLess.mp4', '.\\videos\\gray.mkv', '..\\videos\\SVP\\15\\CarpetSlowTrans_15_svp_60.mp4']",radio,4,2022-06-27 11:17:56 315217
5,14,"['..\\videos\\source\\CarpetPanAverage_LossLess.mp4', '.\\videos\\gray.mkv', '..\\videos\\SVP\\15\\CarpetPanAverage_15_svp_60.mp4', '.\\videos\\gray.mkv', '..\\videos\\source\\CarpetPanAverage_LossLess.mp4', '.\\videos\\gray.mkv', '..\\videos\\SVP\\15\\CarpetPanAverage_15_svp_60.mp4']",radio,5,2022-06-27 11:18:52 310777
5,15,"['..\\videos\\source\\CarpetPanAverage_LossLess.mp4', '.\\videos\\gray.mkv', '..\\videos\\RIFE\\15\\CarpetPanAverage_15_rife-ncnn-v23_60.mp4', '.\\videos\\gray.mkv', '..\\videos\\source\\CarpetPanAverage_LossLess.mp4', '.\\videos\\gray.mkv', '..\\videos\\RIFE\\15\\CarpetPanAverage_15_rife-ncnn-v23_60.mp4']",radio,4,2022-06-27 11:19:46 756257
5,16,"['..\\videos\\source\\CalmingWater_LossLess.mp4', '.\\videos\\gray.mkv', '..\\videos\\duplicated\\15\\CalmingWater_15.mp4', '.\\videos\\gray.mkv', '..\\videos\\source\\CalmingWater_LossLess.mp4', '.\\videos\\gray.mkv', '..\\videos\\duplicated\\15\\CalmingWater_15.mp4']",radio,1,2022-06-27 11:21:00 018852
5,17,"['..\\videos\\source\\BubblesClear_LossLess.mp4', '.\\videos\\gray.mkv', '..\\videos\\RIFE\\30\\BubblesClear_30_rife-ncnn-v23_60.mp4', '.\\videos\\gray.mkv', '..\\videos\\source\\BubblesClear_LossLess.mp4', '.\\videos\\gray.mkv', '..\\videos\\RIFE\\30\\BubblesClear_30_rife-ncnn-v23_60.mp4']",radio,4,2022-06-27 11:21:55 832112
5,18,"['..\\videos\\source\\CarpetSlowTrans_LossLess.mp4', '.\\videos\\gray.mkv', '..\\videos\\RIFE\\15\\CarpetSlowTrans_15_rife-ncnn-v23_60.mp4', '.\\videos\\gray.mkv', '..\\videos\\source\\CarpetSlowTrans_LossLess.mp4', '.\\videos\\gray.mkv', '..\\videos\\RIFE\\15\\CarpetSlowTrans_15_rife-ncnn-v23_60.mp4']",radio,4,2022-06-27 11:23:52 382992
5,19,"['..\\videos\\source\\CarpetPanAverage_LossLess.mp4', '.\\videos\\gray.mkv', '..\\videos\\duplicated\\30\\CarpetPanAverage_30.mp4', '.\\videos\\gray.mkv', '..\\videos\\source\\CarpetPanAverage_LossLess.mp4', '.\\videos\\gray.mkv', '..\\videos\\duplicated\\30\\CarpetPanAverage_30.mp4']",radio,2,2022-06-27 11:25:17 645140
5,20,"['..\\videos\\source\\CalmingWater_LossLess.mp4', '.\\videos\\gray.mkv', '..\\videos\\RIFE\\15\\CalmingWater_15_rife-ncnn-v23_60.mp4', '.\\videos\\gray.mkv', '..\\videos\\source\\CalmingWater_LossLess.mp4', '.\\videos\\gray.mkv', '..\\videos\\RIFE\\15\\CalmingWater_15_rife-ncnn-v23_60.mp4']",radio,1,2022-06-27 11:26:23 008600
5,21,"['..\\videos\\source\\CalmingWater_LossLess.mp4', '.\\videos\\gray.mkv', '..\\videos\\SVP\\30\\CalmingWater_30_svp_60.mp4', '.\\videos\\gray.mkv', '..\\videos\\source\\CalmingWater_LossLess.mp4', '.\\videos\\gray.mkv', '..\\videos\\SVP\\30\\CalmingWater_30_svp_60.mp4']",radio,2,2022-06-27 11:27:19 547321
5,22,"['..\\videos\\source\\CarpetCircleFast_LossLess.mp4', '.\\videos\\gray.mkv', '..\\videos\\duplicated\\30\\CarpetCircleFast_30.mp4', '.\\videos\\gray.mkv', '..\\videos\\source\\CarpetCircleFast_LossLess.mp4', '.\\videos\\gray.mkv', '..\\videos\\duplicated\\30\\CarpetCircleFast_30.mp4']",radio,3,2022-06-27 11:28:17 818871
5,23,"['..\\videos\\source\\CarpetSlowTrans_LossLess.mp4', '.\\videos\\gray.mkv', '..\\videos\\SVP\\30\\CarpetSlowTrans_30_svp_60.mp4', '.\\videos\\gray.mkv', '..\\videos\\source\\CarpetSlowTrans_LossLess.mp4', '.\\videos\\gray.mkv', '..\\videos\\SVP\\30\\CarpetSlowTrans_30_svp_60.mp4']",radio,4,2022-06-27 11:29:12 514291
5,24,"['..\\videos\\source\\CarpetPanAverage_LossLess.mp4', '.\\videos\\gray.mkv', '..\\videos\\duplicated\\15\\CarpetPanAverage_15.mp4', '.\\videos\\gray.mkv', '..\\videos\\source\\CarpetPanAverage_LossLess.mp4', '.\\videos\\gray.mkv', '..\\videos\\duplicated\\15\\CarpetPanAverage_15.mp4']",radio,1,2022-06-27 11:30:06 821583
5,25,"['..\\videos\\source\\BubblesClear_LossLess.mp4', '.\\videos\\gray.mkv', '..\\videos\\SVP\\15\\BubblesClear_15_svp_60.mp4', '.\\videos\\gray.mkv', '..\\videos\\source\\BubblesClear_LossLess.mp4', '.\\videos\\gray.mkv', '..\\videos\\SVP\\15\\BubblesClear_15_svp_60.mp4']",radio,1,2022-06-27 11:31:04 668783
5,26,"['..\\videos\\source\\CarpetPanAverage_LossLess.mp4', '.\\videos\\gray.mkv', '..\\videos\\SVP\\30\\CarpetPanAverage_30_svp_60.mp4', '.\\videos\\gray.mkv', '..\\videos\\source\\CarpetPanAverage_LossLess.mp4', '.\\videos\\gray.mkv', '..\\videos\\SVP\\30\\CarpetPanAverage_30_svp_60.mp4']",radio,5,2022-06-27 11:32:00 288947
5,27,"['..\\videos\\source\\BubblesClear_LossLess.mp4', '.\\videos\\gray.mkv', '..\\videos\\RIFE\\15\\BubblesClear_15_rife-ncnn-v23_60.mp4', '.\\videos\\gray.mkv', '..\\videos\\source\\BubblesClear_LossLess.mp4', '.\\videos\\gray.mkv', '..\\videos\\RIFE\\15\\BubblesClear_15_rife-ncnn-v23_60.mp4']",radio,1,2022-06-27 11:33:27 911757
5,28,"['..\\videos\\source\\CarpetPanAverage_LossLess.mp4', '.\\videos\\gray.mkv', '..\\videos\\RIFE\\30\\CarpetPanAverage_30_rife-ncnn-v23_60.mp4', '.\\videos\\gray.mkv', '..\\videos\\source\\CarpetPanAverage_LossLess.mp4', '.\\videos\\gray.mkv', '..\\videos\\RIFE\\30\\CarpetPanAverage_30_rife-ncnn-v23_60.mp4']",radio,4,2022-06-27 11:34:27 688629
5,29,"['..\\videos\\source\\CalmingWater_LossLess.mp4', '.\\videos\\gray.mkv', '..\\videos\\RIFE\\30\\CalmingWater_30_rife-ncnn-v23_60.mp4', '.\\videos\\gray.mkv', '..\\videos\\source\\CalmingWater_LossLess.mp4', '.\\videos\\gray.mkv', '..\\videos\\RIFE\\30\\CalmingWater_30_rife-ncnn-v23_60.mp4']",radio,2,2022-06-27 11:35:22 264943
6,0,"['..\\videos\\source\\console_LossLess.mp4', '.\\videos\\gray.mkv', '..\\videos\\SVP\\15\\console_15_svp_60.mp4', '.\\videos\\gray.mkv', '..\\videos\\source\\console_LossLess.mp4', '.\\videos\\gray.mkv', '..\\videos\\SVP\\15\\console_15_svp_60.mp4']",radio,3,2022-06-27 11:52:43 983571
6,1,"['..\\videos\\source\\Dancers_LossLess.mp4', '.\\videos\\gray.mkv', '..\\videos\\RIFE\\30\\Dancers_30_rife-ncnn-v23_60.mp4', '.\\videos\\gray.mkv', '..\\videos\\source\\Dancers_LossLess.mp4', '.\\videos\\gray.mkv', '..\\videos\\RIFE\\30\\Dancers_30_rife-ncnn-v23_60.mp4']",radio,5,2022-06-27 11:53:07 245540
6,2,"['..\\videos\\source\\Chevaux_LossLess.mp4', '.\\videos\\gray.mkv', '..\\videos\\duplicated\\15\\Chevaux_15.mp4', '.\\videos\\gray.mkv', '..\\videos\\source\\Chevaux_LossLess.mp4', '.\\videos\\gray.mkv', '..\\videos\\duplicated\\15\\Chevaux_15.mp4']",radio,2,2022-06-27 11:53:33 130313
6,3,"['..\\videos\\source\\Dancers_LossLess.mp4', '.\\videos\\gray.mkv', '..\\videos\\SVP\\30\\Dancers_30_svp_60.mp4', '.\\videos\\gray.mkv', '..\\videos\\source\\Dancers_LossLess.mp4', '.\\videos\\gray.mkv', '..\\videos\\SVP\\30\\Dancers_30_svp_60.mp4']",radio,3,2022-06-27 11:53:59 039006
6,4,"['..\\videos\\source\\Chapelle_LossLess.mp4', '.\\videos\\gray.mkv', '..\\videos\\SVP\\30\\Chapelle_30_svp_60.mp4', '.\\videos\\gray.mkv', '..\\videos\\source\\Chapelle_LossLess.mp4', '.\\videos\\gray.mkv', '..\\videos\\SVP\\30\\Chapelle_30_svp_60.mp4']",radio,5,2022-06-27 11:54:22 116169
6,5,"['..\\videos\\source\\Dancer_LossLess.mp4', '.\\videos\\gray.mkv', '..\\videos\\duplicated\\15\\Dancer_15.mp4', '.\\videos\\gray.mkv', '..\\videos\\source\\Dancer_LossLess.mp4', '.\\videos\\gray.mkv', '..\\videos\\duplicated\\15\\Dancer_15.mp4']",radio,2,2022-06-27 11:54:44 298588
6,6,"['..\\videos\\source\\Chapelle_LossLess.mp4', '.\\videos\\gray.mkv', '..\\videos\\SVP\\15\\Chapelle_15_svp_60.mp4', '.\\videos\\gray.mkv', '..\\videos\\source\\Chapelle_LossLess.mp4', '.\\videos\\gray.mkv', '..\\videos\\SVP\\15\\Chapelle_15_svp_60.mp4']",radio,4,2022-06-27 11:55:06 943276
6,7,"['..\\videos\\source\\Dancer_LossLess.mp4', '.\\videos\\gray.mkv', '..\\videos\\SVP\\15\\Dancer_15_svp_60.mp4', '.\\videos\\gray.mkv', '..\\videos\\source\\Dancer_LossLess.mp4', '.\\videos\\gray.mkv', '..\\videos\\SVP\\15\\Dancer_15_svp_60.mp4']",radio,2,2022-06-27 11:55:36 401683
6,8,"['..\\videos\\source\\Chevaux_LossLess.mp4', '.\\videos\\gray.mkv', '..\\videos\\RIFE\\30\\Chevaux_30_rife-ncnn-v23_60.mp4', '.\\videos\\gray.mkv', '..\\videos\\source\\Chevaux_LossLess.mp4', '.\\videos\\gray.mkv', '..\\videos\\RIFE\\30\\Chevaux_30_rife-ncnn-v23_60.mp4']",radio,4,2022-06-27 11:55:59 551745
6,9,"['..\\videos\\source\\Chapelle_LossLess.mp4', '.\\videos\\gray.mkv', '..\\videos\\RIFE\\15\\Chapelle_15_rife-ncnn-v23_60.mp4', '.\\videos\\gray.mkv', '..\\videos\\source\\Chapelle_LossLess.mp4', '.\\videos\\gray.mkv', '..\\videos\\RIFE\\15\\Chapelle_15_rife-ncnn-v23_60.mp4']",radio,5,2022-06-27 11:56:21 963227
6,10,"['..\\videos\\source\\console_LossLess.mp4', '.\\videos\\gray.mkv', '..\\videos\\SVP\\30\\console_30_svp_60.mp4', '.\\videos\\gray.mkv', '..\\videos\\source\\console_LossLess.mp4', '.\\videos\\gray.mkv', '..\\videos\\SVP\\30\\console_30_svp_60.mp4']",radio,4,2022-06-27 11:57:18 252149
6,11,"['..\\videos\\source\\Dancers_LossLess.mp4', '.\\videos\\gray.mkv', '..\\videos\\SVP\\15\\Dancers_15_svp_60.mp4', '.\\videos\\gray.mkv', '..\\videos\\source\\Dancers_LossLess.mp4', '.\\videos\\gray.mkv', '..\\videos\\SVP\\15\\Dancers_15_svp_60.mp4']",radio,2,2022-06-27 11:57:39 281811
6,12,"['..\\videos\\source\\console_LossLess.mp4', '.\\videos\\gray.mkv', '..\\videos\\duplicated\\30\\console_30.mp4', '.\\videos\\gray.mkv', '..\\videos\\source\\console_LossLess.mp4', '.\\videos\\gray.mkv', '..\\videos\\duplicated\\30\\console_30.mp4']",radio,4,2022-06-27 11:58:34 180614
6,13,"['..\\videos\\source\\console_LossLess.mp4', '.\\videos\\gray.mkv', '..\\videos\\duplicated\\15\\console_15.mp4', '.\\videos\\gray.mkv', '..\\videos\\source\\console_LossLess.mp4', '.\\videos\\gray.mkv', '..\\videos\\duplicated\\15\\console_15.mp4']",radio,3,2022-06-27 11:59:27 947940
6,14,"['..\\videos\\source\\Dancers_LossLess.mp4', '.\\videos\\gray.mkv', '..\\videos\\RIFE\\15\\Dancers_15_rife-ncnn-v23_60.mp4', '.\\videos\\gray.mkv', '..\\videos\\source\\Dancers_LossLess.mp4', '.\\videos\\gray.mkv', '..\\videos\\RIFE\\15\\Dancers_15_rife-ncnn-v23_60.mp4']",radio,4,2022-06-27 11:59:50 774173
6,15,"['..\\videos\\source\\Chapelle_LossLess.mp4', '.\\videos\\gray.mkv', '..\\videos\\RIFE\\30\\Chapelle_30_rife-ncnn-v23_60.mp4', '.\\videos\\gray.mkv', '..\\videos\\source\\Chapelle_LossLess.mp4', '.\\videos\\gray.mkv', '..\\videos\\RIFE\\30\\Chapelle_30_rife-ncnn-v23_60.mp4']",radio,4,2022-06-27 12:00:14 494129
6,16,"['..\\videos\\source\\Chevaux_LossLess.mp4', '.\\videos\\gray.mkv', '..\\videos\\RIFE\\15\\Chevaux_15_rife-ncnn-v23_60.mp4', '.\\videos\\gray.mkv', '..\\videos\\source\\Chevaux_LossLess.mp4', '.\\videos\\gray.mkv', '..\\videos\\RIFE\\15\\Chevaux_15_rife-ncnn-v23_60.mp4']",radio,1,2022-06-27 12:00:37 099490
6,17,"['..\\videos\\source\\Chevaux_LossLess.mp4', '.\\videos\\gray.mkv', '..\\videos\\SVP\\30\\Chevaux_30_svp_60.mp4', '.\\videos\\gray.mkv', '..\\videos\\source\\Chevaux_LossLess.mp4', '.\\videos\\gray.mkv', '..\\videos\\SVP\\30\\Chevaux_30_svp_60.mp4']",radio,2,2022-06-27 12:01:06 047156
6,18,"['..\\videos\\source\\Dancer_LossLess.mp4', '.\\videos\\gray.mkv', '..\\videos\\RIFE\\30\\Dancer_30_rife-ncnn-v23_60.mp4', '.\\videos\\gray.mkv', '..\\videos\\source\\Dancer_LossLess.mp4', '.\\videos\\gray.mkv', '..\\videos\\RIFE\\30\\Dancer_30_rife-ncnn-v23_60.mp4']",radio,4,2022-06-27 12:01:27 853125
6,19,"['..\\videos\\source\\Chapelle_LossLess.mp4', '.\\videos\\gray.mkv', '..\\videos\\duplicated\\30\\Chapelle_30.mp4', '.\\videos\\gray.mkv', '..\\videos\\source\\Chapelle_LossLess.mp4', '.\\videos\\gray.mkv', '..\\videos\\duplicated\\30\\Chapelle_30.mp4']",radio,2,2022-06-27 12:01:54 779686
6,20,"['..\\videos\\source\\Chevaux_LossLess.mp4', '.\\videos\\gray.mkv', '..\\videos\\SVP\\15\\Chevaux_15_svp_60.mp4', '.\\videos\\gray.mkv', '..\\videos\\source\\Chevaux_LossLess.mp4', '.\\videos\\gray.mkv', '..\\videos\\SVP\\15\\Chevaux_15_svp_60.mp4']",radio,1,2022-06-27 12:02:18 063515
6,21,"['..\\videos\\source\\Dancers_LossLess.mp4', '.\\videos\\gray.mkv', '..\\videos\\duplicated\\30\\Dancers_30.mp4', '.\\videos\\gray.mkv', '..\\videos\\source\\Dancers_LossLess.mp4', '.\\videos\\gray.mkv', '..\\videos\\duplicated\\30\\Dancers_30.mp4']",radio,3,2022-06-27 12:02:40 466104
6,22,"['..\\videos\\source\\Chapelle_LossLess.mp4', '.\\videos\\gray.mkv', '..\\videos\\duplicated\\15\\Chapelle_15.mp4', '.\\videos\\gray.mkv', '..\\videos\\source\\Chapelle_LossLess.mp4', '.\\videos\\gray.mkv', '..\\videos\\duplicated\\15\\Chapelle_15.mp4']",radio,1,2022-06-27 12:03:04 439362
6,23,"['..\\videos\\source\\console_LossLess.mp4', '.\\videos\\gray.mkv', '..\\videos\\RIFE\\30\\console_30_rife-ncnn-v23_60.mp4', '.\\videos\\gray.mkv', '..\\videos\\source\\console_LossLess.mp4', '.\\videos\\gray.mkv', '..\\videos\\RIFE\\30\\console_30_rife-ncnn-v23_60.mp4']",radio,1,2022-06-27 15:46:47 734724
6,24,"['..\\videos\\source\\Dancer_LossLess.mp4', '.\\videos\\gray.mkv', '..\\videos\\SVP\\30\\Dancer_30_svp_60.mp4', '.\\videos\\gray.mkv', '..\\videos\\source\\Dancer_LossLess.mp4', '.\\videos\\gray.mkv', '..\\videos\\SVP\\30\\Dancer_30_svp_60.mp4']",radio,2,2022-06-27 15:47:10 586100
6,25,"['..\\videos\\source\\console_LossLess.mp4', '.\\videos\\gray.mkv', '..\\videos\\RIFE\\15\\console_15_rife-ncnn-v23_60.mp4', '.\\videos\\gray.mkv', '..\\videos\\source\\console_LossLess.mp4', '.\\videos\\gray.mkv', '..\\videos\\RIFE\\15\\console_15_rife-ncnn-v23_60.mp4']",radio,1,2022-06-27 15:48:06 037552
6,26,"['..\\videos\\source\\Dancer_LossLess.mp4', '.\\videos\\gray.mkv', '..\\videos\\RIFE\\15\\Dancer_15_rife-ncnn-v23_60.mp4', '.\\videos\\gray.mkv', '..\\videos\\source\\Dancer_LossLess.mp4', '.\\videos\\gray.mkv', '..\\videos\\RIFE\\15\\Dancer_15_rife-ncnn-v23_60.mp4']",radio,1,2022-06-27 15:48:28 728852
6,27,"['..\\videos\\source\\Dancers_LossLess.mp4', '.\\videos\\gray.mkv', '..\\videos\\duplicated\\15\\Dancers_15.mp4', '.\\videos\\gray.mkv', '..\\videos\\source\\Dancers_LossLess.mp4', '.\\videos\\gray.mkv', '..\\videos\\duplicated\\15\\Dancers_15.mp4']",radio,2,2022-06-27 15:48:52 306180
6,28,"['..\\videos\\source\\Dancer_LossLess.mp4', '.\\videos\\gray.mkv', '..\\videos\\duplicated\\30\\Dancer_30.mp4', '.\\videos\\gray.mkv', '..\\videos\\source\\Dancer_LossLess.mp4', '.\\videos\\gray.mkv', '..\\videos\\duplicated\\30\\Dancer_30.mp4']",radio,4,2022-06-27 15:49:16 766641
6,29,"['..\\videos\\source\\Chevaux_LossLess.mp4', '.\\videos\\gray.mkv', '..\\videos\\duplicated\\30\\Chevaux_30.mp4', '.\\videos\\gray.mkv', '..\\videos\\source\\Chevaux_LossLess.mp4', '.\\videos\\gray.mkv', '..\\videos\\duplicated\\30\\Chevaux_30.mp4']",radio,3,2022-06-27 15:49:41 601894
7,0,"['..\\videos\\source\\DinnerScene_LossLess.mp4', '.\\videos\\gray.mkv', '..\\videos\\SVP\\30\\DinnerScene_30_svp_60.mp4', '.\\videos\\gray.mkv', '..\\videos\\source\\DinnerScene_LossLess.mp4', '.\\videos\\gray.mkv', '..\\videos\\SVP\\30\\DinnerScene_30_svp_60.mp4']",radio,4,2022-06-27 16:35:06 966505
7,1,"['..\\videos\\source\\DemoMonkeySnow_LossLess.mp4', '.\\videos\\gray.mkv', '..\\videos\\SVP\\15\\DemoMonkeySnow_15_svp_60.mp4', '.\\videos\\gray.mkv', '..\\videos\\source\\DemoMonkeySnow_LossLess.mp4', '.\\videos\\gray.mkv', '..\\videos\\SVP\\15\\DemoMonkeySnow_15_svp_60.mp4']",radio,2,2022-06-27 16:35:54 611509
7,2,"['..\\videos\\source\\desktop_LossLess.mp4', '.\\videos\\gray.mkv', '..\\videos\\RIFE\\15\\desktop_15_rife-ncnn-v23_60.mp4', '.\\videos\\gray.mkv', '..\\videos\\source\\desktop_LossLess.mp4', '.\\videos\\gray.mkv', '..\\videos\\RIFE\\15\\desktop_15_rife-ncnn-v23_60.mp4']",radio,1,2022-06-27 16:36:50 257478
7,3,"['..\\videos\\source\\DemoTiger_LossLess.mp4', '.\\videos\\gray.mkv', '..\\videos\\RIFE\\30\\DemoTiger_30_rife-ncnn-v23_60.mp4', '.\\videos\\gray.mkv', '..\\videos\\source\\DemoTiger_LossLess.mp4', '.\\videos\\gray.mkv', '..\\videos\\RIFE\\30\\DemoTiger_30_rife-ncnn-v23_60.mp4']",radio,5,2022-06-27 16:37:47 534486
7,4,"['..\\videos\\source\\desktop_LossLess.mp4', '.\\videos\\gray.mkv', '..\\videos\\duplicated\\30\\desktop_30.mp4', '.\\videos\\gray.mkv', '..\\videos\\source\\desktop_LossLess.mp4', '.\\videos\\gray.mkv', '..\\videos\\duplicated\\30\\desktop_30.mp4']",radio,4,2022-06-27 16:38:43 029411
7,5,"['..\\videos\\source\\DemoMonkeySnow_LossLess.mp4', '.\\videos\\gray.mkv', '..\\videos\\duplicated\\30\\DemoMonkeySnow_30.mp4', '.\\videos\\gray.mkv', '..\\videos\\source\\DemoMonkeySnow_LossLess.mp4', '.\\videos\\gray.mkv', '..\\videos\\duplicated\\30\\DemoMonkeySnow_30.mp4']",radio,4,2022-06-27 16:39:28 332059
7,6,"['..\\videos\\source\\DemoMonkeySnow_LossLess.mp4', '.\\videos\\gray.mkv', '..\\videos\\duplicated\\15\\DemoMonkeySnow_15.mp4', '.\\videos\\gray.mkv', '..\\videos\\source\\DemoMonkeySnow_LossLess.mp4', '.\\videos\\gray.mkv', '..\\videos\\duplicated\\15\\DemoMonkeySnow_15.mp4']",radio,2,2022-06-27 16:40:15 029566
7,7,"['..\\videos\\source\\DemoTiger_LossLess.mp4', '.\\videos\\gray.mkv', '..\\videos\\SVP\\30\\DemoTiger_30_svp_60.mp4', '.\\videos\\gray.mkv', '..\\videos\\source\\DemoTiger_LossLess.mp4', '.\\videos\\gray.mkv', '..\\videos\\SVP\\30\\DemoTiger_30_svp_60.mp4']",radio,5,2022-06-27 16:41:07 174498
7,8,"['..\\videos\\source\\DemoTiger_LossLess.mp4', '.\\videos\\gray.mkv', '..\\videos\\duplicated\\30\\DemoTiger_30.mp4', '.\\videos\\gray.mkv', '..\\videos\\source\\DemoTiger_LossLess.mp4', '.\\videos\\gray.mkv', '..\\videos\\duplicated\\30\\DemoTiger_30.mp4']",radio,2,2022-06-27 16:42:01 083596
7,9,"['..\\videos\\source\\DemoOwl_LossLess.mp4', '.\\videos\\gray.mkv', '..\\videos\\RIFE\\15\\DemoOwl_15_rife-ncnn-v23_60.mp4', '.\\videos\\gray.mkv', '..\\videos\\source\\DemoOwl_LossLess.mp4', '.\\videos\\gray.mkv', '..\\videos\\RIFE\\15\\DemoOwl_15_rife-ncnn-v23_60.mp4']",radio,4,2022-06-27 16:42:55 543316
7,10,"['..\\videos\\source\\DemoMonkeySnow_LossLess.mp4', '.\\videos\\gray.mkv', '..\\videos\\RIFE\\30\\DemoMonkeySnow_30_rife-ncnn-v23_60.mp4', '.\\videos\\gray.mkv', '..\\videos\\source\\DemoMonkeySnow_LossLess.mp4', '.\\videos\\gray.mkv', '..\\videos\\RIFE\\30\\DemoMonkeySnow_30_rife-ncnn-v23_60.mp4']",radio,4,2022-06-27 16:43:44 473194
7,11,"['..\\videos\\source\\DemoTiger_LossLess.mp4', '.\\videos\\gray.mkv', '..\\videos\\duplicated\\15\\DemoTiger_15.mp4', '.\\videos\\gray.mkv', '..\\videos\\source\\DemoTiger_LossLess.mp4', '.\\videos\\gray.mkv', '..\\videos\\duplicated\\15\\DemoTiger_15.mp4']",radio,2,2022-06-27 16:44:35 908207
7,12,"['..\\videos\\source\\DinnerScene_LossLess.mp4', '.\\videos\\gray.mkv', '..\\videos\\SVP\\15\\DinnerScene_15_svp_60.mp4', '.\\videos\\gray.mkv', '..\\videos\\source\\DinnerScene_LossLess.mp4', '.\\videos\\gray.mkv', '..\\videos\\SVP\\15\\DinnerScene_15_svp_60.mp4']",radio,2,2022-06-27 16:44:58 045463
7,13,"['..\\videos\\source\\DemoOwl_LossLess.mp4', '.\\videos\\gray.mkv', '..\\videos\\duplicated\\15\\DemoOwl_15.mp4', '.\\videos\\gray.mkv', '..\\videos\\source\\DemoOwl_LossLess.mp4', '.\\videos\\gray.mkv', '..\\videos\\duplicated\\15\\DemoOwl_15.mp4']",radio,1,2022-06-27 16:45:52 607057
7,14,"['..\\videos\\source\\DinnerScene_LossLess.mp4', '.\\videos\\gray.mkv', '..\\videos\\duplicated\\30\\DinnerScene_30.mp4', '.\\videos\\gray.mkv', '..\\videos\\source\\DinnerScene_LossLess.mp4', '.\\videos\\gray.mkv', '..\\videos\\duplicated\\30\\DinnerScene_30.mp4']",radio,3,2022-06-27 16:46:16 708702
7,15,"['..\\videos\\source\\DemoMonkeySnow_LossLess.mp4', '.\\videos\\gray.mkv', '..\\videos\\SVP\\30\\DemoMonkeySnow_30_svp_60.mp4', '.\\videos\\gray.mkv', '..\\videos\\source\\DemoMonkeySnow_LossLess.mp4', '.\\videos\\gray.mkv', '..\\videos\\SVP\\30\\DemoMonkeySnow_30_svp_60.mp4']",radio,4,2022-06-27 16:47:12 772716
7,16,"['..\\videos\\source\\DemoOwl_LossLess.mp4', '.\\videos\\gray.mkv', '..\\videos\\SVP\\30\\DemoOwl_30_svp_60.mp4', '.\\videos\\gray.mkv', '..\\videos\\source\\DemoOwl_LossLess.mp4', '.\\videos\\gray.mkv', '..\\videos\\SVP\\30\\DemoOwl_30_svp_60.mp4']",radio,5,2022-06-27 16:48:09 971211
7,17,"['..\\videos\\source\\DemoTiger_LossLess.mp4', '.\\videos\\gray.mkv', '..\\videos\\RIFE\\15\\DemoTiger_15_rife-ncnn-v23_60.mp4', '.\\videos\\gray.mkv', '..\\videos\\source\\DemoTiger_LossLess.mp4', '.\\videos\\gray.mkv', '..\\videos\\RIFE\\15\\DemoTiger_15_rife-ncnn-v23_60.mp4']",radio,5,2022-06-27 16:49:04 554084
7,18,"['..\\videos\\source\\desktop_LossLess.mp4', '.\\videos\\gray.mkv', '..\\videos\\SVP\\15\\desktop_15_svp_60.mp4', '.\\videos\\gray.mkv', '..\\videos\\source\\desktop_LossLess.mp4', '.\\videos\\gray.mkv', '..\\videos\\SVP\\15\\desktop_15_svp_60.mp4']",radio,3,2022-06-27 16:59:17 150810
7,19,"['..\\videos\\source\\DemoOwl_LossLess.mp4', '.\\videos\\gray.mkv', '..\\videos\\duplicated\\30\\DemoOwl_30.mp4', '.\\videos\\gray.mkv', '..\\videos\\source\\DemoOwl_LossLess.mp4', '.\\videos\\gray.mkv', '..\\videos\\duplicated\\30\\DemoOwl_30.mp4']",radio,3,2022-06-27 17:00:16 337137
7,20,"['..\\videos\\source\\DinnerScene_LossLess.mp4', '.\\videos\\gray.mkv', '..\\videos\\RIFE\\30\\DinnerScene_30_rife-ncnn-v23_60.mp4', '.\\videos\\gray.mkv', '..\\videos\\source\\DinnerScene_LossLess.mp4', '.\\videos\\gray.mkv', '..\\videos\\RIFE\\30\\DinnerScene_30_rife-ncnn-v23_60.mp4']",radio,5,2022-06-27 17:00:39 429017
7,21,"['..\\videos\\source\\DemoTiger_LossLess.mp4', '.\\videos\\gray.mkv', '..\\videos\\SVP\\15\\DemoTiger_15_svp_60.mp4', '.\\videos\\gray.mkv', '..\\videos\\source\\DemoTiger_LossLess.mp4', '.\\videos\\gray.mkv', '..\\videos\\SVP\\15\\DemoTiger_15_svp_60.mp4']",radio,2,2022-06-27 17:01:37 011412
7,22,"['..\\videos\\source\\desktop_LossLess.mp4', '.\\videos\\gray.mkv', '..\\videos\\duplicated\\15\\desktop_15.mp4', '.\\videos\\gray.mkv', '..\\videos\\source\\desktop_LossLess.mp4', '.\\videos\\gray.mkv', '..\\videos\\duplicated\\15\\desktop_15.mp4']",radio,3,2022-06-27 17:02:34 032294
7,23,"['..\\videos\\source\\DemoOwl_LossLess.mp4', '.\\videos\\gray.mkv', '..\\videos\\SVP\\15\\DemoOwl_15_svp_60.mp4', '.\\videos\\gray.mkv', '..\\videos\\source\\DemoOwl_LossLess.mp4', '.\\videos\\gray.mkv', '..\\videos\\SVP\\15\\DemoOwl_15_svp_60.mp4']",radio,3,2022-06-27 17:03:29 879173
7,24,"['..\\videos\\source\\DemoOwl_LossLess.mp4', '.\\videos\\gray.mkv', '..\\videos\\RIFE\\30\\DemoOwl_30_rife-ncnn-v23_60.mp4', '.\\videos\\gray.mkv', '..\\videos\\source\\DemoOwl_LossLess.mp4', '.\\videos\\gray.mkv', '..\\videos\\RIFE\\30\\DemoOwl_30_rife-ncnn-v23_60.mp4']",radio,5,2022-06-27 17:04:27 584337
7,25,"['..\\videos\\source\\DinnerScene_LossLess.mp4', '.\\videos\\gray.mkv', '..\\videos\\duplicated\\15\\DinnerScene_15.mp4', '.\\videos\\gray.mkv', '..\\videos\\source\\DinnerScene_LossLess.mp4', '.\\videos\\gray.mkv', '..\\videos\\duplicated\\15\\DinnerScene_15.mp4']",radio,2,2022-06-27 17:04:50 053840
7,26,"['..\\videos\\source\\desktop_LossLess.mp4', '.\\videos\\gray.mkv', '..\\videos\\RIFE\\30\\desktop_30_rife-ncnn-v23_60.mp4', '.\\videos\\gray.mkv', '..\\videos\\source\\desktop_LossLess.mp4', '.\\videos\\gray.mkv', '..\\videos\\RIFE\\30\\desktop_30_rife-ncnn-v23_60.mp4']",radio,1,2022-06-27 17:05:44 899551
7,27,"['..\\videos\\source\\desktop_LossLess.mp4', '.\\videos\\gray.mkv', '..\\videos\\SVP\\30\\desktop_30_svp_60.mp4', '.\\videos\\gray.mkv', '..\\videos\\source\\desktop_LossLess.mp4', '.\\videos\\gray.mkv', '..\\videos\\SVP\\30\\desktop_30_svp_60.mp4']",radio,4,2022-06-27 17:06:41 681710
7,28,"['..\\videos\\source\\DinnerScene_LossLess.mp4', '.\\videos\\gray.mkv', '..\\videos\\RIFE\\15\\DinnerScene_15_rife-ncnn-v23_60.mp4', '.\\videos\\gray.mkv', '..\\videos\\source\\DinnerScene_LossLess.mp4', '.\\videos\\gray.mkv', '..\\videos\\RIFE\\15\\DinnerScene_15_rife-ncnn-v23_60.mp4']",radio,3,2022-06-27 17:07:10 540093
7,29,"['..\\videos\\source\\DemoMonkeySnow_LossLess.mp4', '.\\videos\\gray.mkv', '..\\videos\\RIFE\\15\\DemoMonkeySnow_15_rife-ncnn-v23_60.mp4', '.\\videos\\gray.mkv', '..\\videos\\source\\DemoMonkeySnow_LossLess.mp4', '.\\videos\\gray.mkv', '..\\videos\\RIFE\\15\\DemoMonkeySnow_15_rife-ncnn-v23_60.mp4']",radio,4,2022-06-27 17:08:01 346713
8,0,"['..\\videos\\source\\DropsOnWater_LossLess.mp4', '.\\videos\\gray.mkv', '..\\videos\\SVP\\30\\DropsOnWater_30_svp_60.mp4', '.\\videos\\gray.mkv', '..\\videos\\source\\DropsOnWater_LossLess.mp4', '.\\videos\\gray.mkv', '..\\videos\\SVP\\30\\DropsOnWater_30_svp_60.mp4']",radio,3,2022-06-27 17:30:34 683744
8,1,"['..\\videos\\source\\DrivingPOV_LossLess.mp4', '.\\videos\\gray.mkv', '..\\videos\\duplicated\\15\\DrivingPOV_15.mp4', '.\\videos\\gray.mkv', '..\\videos\\source\\DrivingPOV_LossLess.mp4', '.\\videos\\gray.mkv', '..\\videos\\duplicated\\15\\DrivingPOV_15.mp4']",radio,1,2022-06-27 17:31:00 083342
8,2,"['..\\videos\\source\\Galop_LossLess.mp4', '.\\videos\\gray.mkv', '..\\videos\\duplicated\\30\\Galop_30.mp4', '.\\videos\\gray.mkv', '..\\videos\\source\\Galop_LossLess.mp4', '.\\videos\\gray.mkv', '..\\videos\\duplicated\\30\\Galop_30.mp4']",radio,3,2022-06-27 17:31:23 400714
8,3,"['..\\videos\\source\\Galop_LossLess.mp4', '.\\videos\\gray.mkv', '..\\videos\\RIFE\\30\\Galop_30_rife-ncnn-v23_60.mp4', '.\\videos\\gray.mkv', '..\\videos\\source\\Galop_LossLess.mp4', '.\\videos\\gray.mkv', '..\\videos\\RIFE\\30\\Galop_30_rife-ncnn-v23_60.mp4']",radio,4,2022-06-27 17:31:46 179876
8,4,"['..\\videos\\source\\flyingGraphics_LossLess.mp4', '.\\videos\\gray.mkv', '..\\videos\\SVP\\30\\flyingGraphics_30_svp_60.mp4', '.\\videos\\gray.mkv', '..\\videos\\source\\flyingGraphics_LossLess.mp4', '.\\videos\\gray.mkv', '..\\videos\\SVP\\30\\flyingGraphics_30_svp_60.mp4']",radio,4,2022-06-27 17:32:41 846936
8,5,"['..\\videos\\source\\Flowers2_LossLess.mp4', '.\\videos\\gray.mkv', '..\\videos\\RIFE\\15\\Flowers2_15_rife-ncnn-v23_60.mp4', '.\\videos\\gray.mkv', '..\\videos\\source\\Flowers2_LossLess.mp4', '.\\videos\\gray.mkv', '..\\videos\\RIFE\\15\\Flowers2_15_rife-ncnn-v23_60.mp4']",radio,4,2022-06-27 17:33:38 655284
8,6,"['..\\videos\\source\\Flowers2_LossLess.mp4', '.\\videos\\gray.mkv', '..\\videos\\duplicated\\15\\Flowers2_15.mp4', '.\\videos\\gray.mkv', '..\\videos\\source\\Flowers2_LossLess.mp4', '.\\videos\\gray.mkv', '..\\videos\\duplicated\\15\\Flowers2_15.mp4']",radio,1,2022-06-27 17:36:26 505358
8,7,"['..\\videos\\source\\Flowers2_LossLess.mp4', '.\\videos\\gray.mkv', '..\\videos\\RIFE\\30\\Flowers2_30_rife-ncnn-v23_60.mp4', '.\\videos\\gray.mkv', '..\\videos\\source\\Flowers2_LossLess.mp4', '.\\videos\\gray.mkv', '..\\videos\\RIFE\\30\\Flowers2_30_rife-ncnn-v23_60.mp4']",radio,4,2022-06-27 17:37:47 282787
8,8,"['..\\videos\\source\\Flowers2_LossLess.mp4', '.\\videos\\gray.mkv', '..\\videos\\SVP\\15\\Flowers2_15_svp_60.mp4', '.\\videos\\gray.mkv', '..\\videos\\source\\Flowers2_LossLess.mp4', '.\\videos\\gray.mkv', '..\\videos\\SVP\\15\\Flowers2_15_svp_60.mp4']",radio,2,2022-06-27 17:38:43 714004
8,9,"['..\\videos\\source\\Galop_LossLess.mp4', '.\\videos\\gray.mkv', '..\\videos\\SVP\\30\\Galop_30_svp_60.mp4', '.\\videos\\gray.mkv', '..\\videos\\source\\Galop_LossLess.mp4', '.\\videos\\gray.mkv', '..\\videos\\SVP\\30\\Galop_30_svp_60.mp4']",radio,4,2022-06-27 17:39:06 755707
8,10,"['..\\videos\\source\\Galop_LossLess.mp4', '.\\videos\\gray.mkv', '..\\videos\\duplicated\\15\\Galop_15.mp4', '.\\videos\\gray.mkv', '..\\videos\\source\\Galop_LossLess.mp4', '.\\videos\\gray.mkv', '..\\videos\\duplicated\\15\\Galop_15.mp4']",radio,1,2022-06-27 17:39:28 833283
8,11,"['..\\videos\\source\\DrivingPOV_LossLess.mp4', '.\\videos\\gray.mkv', '..\\videos\\SVP\\30\\DrivingPOV_30_svp_60.mp4', '.\\videos\\gray.mkv', '..\\videos\\source\\DrivingPOV_LossLess.mp4', '.\\videos\\gray.mkv', '..\\videos\\SVP\\30\\DrivingPOV_30_svp_60.mp4']",radio,5,2022-06-27 17:39:53 097743
8,12,"['..\\videos\\source\\flyingGraphics_LossLess.mp4', '.\\videos\\gray.mkv', '..\\videos\\SVP\\15\\flyingGraphics_15_svp_60.mp4', '.\\videos\\gray.mkv', '..\\videos\\source\\flyingGraphics_LossLess.mp4', '.\\videos\\gray.mkv', '..\\videos\\SVP\\15\\flyingGraphics_15_svp_60.mp4']",radio,1,2022-06-27 17:40:49 541985
8,13,"['..\\videos\\source\\flyingGraphics_LossLess.mp4', '.\\videos\\gray.mkv', '..\\videos\\RIFE\\15\\flyingGraphics_15_rife-ncnn-v23_60.mp4', '.\\videos\\gray.mkv', '..\\videos\\source\\flyingGraphics_LossLess.mp4', '.\\videos\\gray.mkv', '..\\videos\\RIFE\\15\\flyingGraphics_15_rife-ncnn-v23_60.mp4']",radio,2,2022-06-27 17:41:43 966973
8,14,"['..\\videos\\source\\DropsOnWater_LossLess.mp4', '.\\videos\\gray.mkv', '..\\videos\\duplicated\\30\\DropsOnWater_30.mp4', '.\\videos\\gray.mkv', '..\\videos\\source\\DropsOnWater_LossLess.mp4', '.\\videos\\gray.mkv', '..\\videos\\duplicated\\30\\DropsOnWater_30.mp4']",radio,2,2022-06-27 17:42:39 433496
8,15,"['..\\videos\\source\\flyingGraphics_LossLess.mp4', '.\\videos\\gray.mkv', '..\\videos\\duplicated\\30\\flyingGraphics_30.mp4', '.\\videos\\gray.mkv', '..\\videos\\source\\flyingGraphics_LossLess.mp4', '.\\videos\\gray.mkv', '..\\videos\\duplicated\\30\\flyingGraphics_30.mp4']",radio,3,2022-06-27 17:43:34 126791
8,16,"['..\\videos\\source\\Galop_LossLess.mp4', '.\\videos\\gray.mkv', '..\\videos\\SVP\\15\\Galop_15_svp_60.mp4', '.\\videos\\gray.mkv', '..\\videos\\source\\Galop_LossLess.mp4', '.\\videos\\gray.mkv', '..\\videos\\SVP\\15\\Galop_15_svp_60.mp4']",radio,2,2022-06-27 17:43:58 302294
8,17,"['..\\videos\\source\\flyingGraphics_LossLess.mp4', '.\\videos\\gray.mkv', '..\\videos\\duplicated\\15\\flyingGraphics_15.mp4', '.\\videos\\gray.mkv', '..\\videos\\source\\flyingGraphics_LossLess.mp4', '.\\videos\\gray.mkv', '..\\videos\\duplicated\\15\\flyingGraphics_15.mp4']",radio,2,2022-06-27 17:44:54 788029
8,18,"['..\\videos\\source\\DropsOnWater_LossLess.mp4', '.\\videos\\gray.mkv', '..\\videos\\duplicated\\15\\DropsOnWater_15.mp4', '.\\videos\\gray.mkv', '..\\videos\\source\\DropsOnWater_LossLess.mp4', '.\\videos\\gray.mkv', '..\\videos\\duplicated\\15\\DropsOnWater_15.mp4']",radio,2,2022-06-27 17:45:51 835187
8,19,"['..\\videos\\source\\DropsOnWater_LossLess.mp4', '.\\videos\\gray.mkv', '..\\videos\\RIFE\\15\\DropsOnWater_15_rife-ncnn-v23_60.mp4', '.\\videos\\gray.mkv', '..\\videos\\source\\DropsOnWater_LossLess.mp4', '.\\videos\\gray.mkv', '..\\videos\\RIFE\\15\\DropsOnWater_15_rife-ncnn-v23_60.mp4']",radio,1,2022-06-27 17:46:46 522489
8,20,"['..\\videos\\source\\Galop_LossLess.mp4', '.\\videos\\gray.mkv', '..\\videos\\RIFE\\15\\Galop_15_rife-ncnn-v23_60.mp4', '.\\videos\\gray.mkv', '..\\videos\\source\\Galop_LossLess.mp4', '.\\videos\\gray.mkv', '..\\videos\\RIFE\\15\\Galop_15_rife-ncnn-v23_60.mp4']",radio,4,2022-06-27 17:47:11 737216
8,21,"['..\\videos\\source\\DropsOnWater_LossLess.mp4', '.\\videos\\gray.mkv', '..\\videos\\RIFE\\30\\DropsOnWater_30_rife-ncnn-v23_60.mp4', '.\\videos\\gray.mkv', '..\\videos\\source\\DropsOnWater_LossLess.mp4', '.\\videos\\gray.mkv', '..\\videos\\RIFE\\30\\DropsOnWater_30_rife-ncnn-v23_60.mp4']",radio,2,2022-06-27 17:48:05 651247
8,22,"['..\\videos\\source\\Flowers2_LossLess.mp4', '.\\videos\\gray.mkv', '..\\videos\\duplicated\\30\\Flowers2_30.mp4', '.\\videos\\gray.mkv', '..\\videos\\source\\Flowers2_LossLess.mp4', '.\\videos\\gray.mkv', '..\\videos\\duplicated\\30\\Flowers2_30.mp4']",radio,4,2022-06-27 17:49:04 741585
8,23,"['..\\videos\\source\\DrivingPOV_LossLess.mp4', '.\\videos\\gray.mkv', '..\\videos\\RIFE\\15\\DrivingPOV_15_rife-ncnn-v23_60.mp4', '.\\videos\\gray.mkv', '..\\videos\\source\\DrivingPOV_LossLess.mp4', '.\\videos\\gray.mkv', '..\\videos\\RIFE\\15\\DrivingPOV_15_rife-ncnn-v23_60.mp4']",radio,4,2022-06-27 17:49:47 842606
8,24,"['..\\videos\\source\\Flowers2_LossLess.mp4', '.\\videos\\gray.mkv', '..\\videos\\SVP\\30\\Flowers2_30_svp_60.mp4', '.\\videos\\gray.mkv', '..\\videos\\source\\Flowers2_LossLess.mp4', '.\\videos\\gray.mkv', '..\\videos\\SVP\\30\\Flowers2_30_svp_60.mp4']",radio,5,2022-06-27 17:50:44 772920
8,25,"['..\\videos\\source\\flyingGraphics_LossLess.mp4', '.\\videos\\gray.mkv', '..\\videos\\RIFE\\30\\flyingGraphics_30_rife-ncnn-v23_60.mp4', '.\\videos\\gray.mkv', '..\\videos\\source\\flyingGraphics_LossLess.mp4', '.\\videos\\gray.mkv', '..\\videos\\RIFE\\30\\flyingGraphics_30_rife-ncnn-v23_60.mp4']",radio,4,2022-06-27 17:51:38 872612
8,26,"['..\\videos\\source\\DrivingPOV_LossLess.mp4', '.\\videos\\gray.mkv', '..\\videos\\duplicated\\30\\DrivingPOV_30.mp4', '.\\videos\\gray.mkv', '..\\videos\\source\\DrivingPOV_LossLess.mp4', '.\\videos\\gray.mkv', '..\\videos\\duplicated\\30\\DrivingPOV_30.mp4']",radio,3,2022-06-27 17:52:01 981569
8,27,"['..\\videos\\source\\DrivingPOV_LossLess.mp4', '.\\videos\\gray.mkv', '..\\videos\\RIFE\\30\\DrivingPOV_30_rife-ncnn-v23_60.mp4', '.\\videos\\gray.mkv', '..\\videos\\source\\DrivingPOV_LossLess.mp4', '.\\videos\\gray.mkv', '..\\videos\\RIFE\\30\\DrivingPOV_30_rife-ncnn-v23_60.mp4']",radio,4,2022-06-27 17:52:26 855266
8,28,"['..\\videos\\source\\DropsOnWater_LossLess.mp4', '.\\videos\\gray.mkv', '..\\videos\\SVP\\15\\DropsOnWater_15_svp_60.mp4', '.\\videos\\gray.mkv', '..\\videos\\source\\DropsOnWater_LossLess.mp4', '.\\videos\\gray.mkv', '..\\videos\\SVP\\15\\DropsOnWater_15_svp_60.mp4']",radio,1,2022-06-27 17:53:21 028943
8,29,"['..\\videos\\source\\DrivingPOV_LossLess.mp4', '.\\videos\\gray.mkv', '..\\videos\\SVP\\15\\DrivingPOV_15_svp_60.mp4', '.\\videos\\gray.mkv', '..\\videos\\source\\DrivingPOV_LossLess.mp4', '.\\videos\\gray.mkv', '..\\videos\\SVP\\15\\DrivingPOV_15_svp_60.mp4']",radio,4,2022-06-27 17:53:45 406970
9,0,"['..\\videos\\source\\GondolaPart1_LossLess.mp4', '.\\videos\\gray.mkv', '..\\videos\\duplicated\\30\\GondolaPart1_30.mp4', '.\\videos\\gray.mkv', '..\\videos\\source\\GondolaPart1_LossLess.mp4', '.\\videos\\gray.mkv', '..\\videos\\duplicated\\30\\GondolaPart1_30.mp4']",radio,4,2022-06-27 18:01:04 563921
9,1,"['..\\videos\\source\\HomelessSleeping_LossLess.mp4', '.\\videos\\gray.mkv', '..\\videos\\RIFE\\30\\HomelessSleeping_30_rife-ncnn-v23_60.mp4', '.\\videos\\gray.mkv', '..\\videos\\source\\HomelessSleeping_LossLess.mp4', '.\\videos\\gray.mkv', '..\\videos\\RIFE\\30\\HomelessSleeping_30_rife-ncnn-v23_60.mp4']",radio,4,2022-06-27 18:01:30 731077
9,2,"['..\\videos\\source\\GondolaPart3_LossLess.mp4', '.\\videos\\gray.mkv', '..\\videos\\duplicated\\15\\GondolaPart3_15.mp4', '.\\videos\\gray.mkv', '..\\videos\\source\\GondolaPart3_LossLess.mp4', '.\\videos\\gray.mkv', '..\\videos\\duplicated\\15\\GondolaPart3_15.mp4']",radio,2,2022-06-27 18:02:37 293823
9,3,"['..\\videos\\source\\GondolaPart3_LossLess.mp4', '.\\videos\\gray.mkv', '..\\videos\\SVP\\15\\GondolaPart3_15_svp_60.mp4', '.\\videos\\gray.mkv', '..\\videos\\source\\GondolaPart3_LossLess.mp4', '.\\videos\\gray.mkv', '..\\videos\\SVP\\15\\GondolaPart3_15_svp_60.mp4']",radio,3,2022-06-27 18:03:24 648695
9,4,"['..\\videos\\source\\GodOfForges2_LossLess.mp4', '.\\videos\\gray.mkv', '..\\videos\\SVP\\15\\GodOfForges2_15_svp_60.mp4', '.\\videos\\gray.mkv', '..\\videos\\source\\GodOfForges2_LossLess.mp4', '.\\videos\\gray.mkv', '..\\videos\\SVP\\15\\GodOfForges2_15_svp_60.mp4']",radio,2,2022-06-27 18:03:46 562441
9,5,"['..\\videos\\source\\GondolaPart3_LossLess.mp4', '.\\videos\\gray.mkv', '..\\videos\\SVP\\30\\GondolaPart3_30_svp_60.mp4', '.\\videos\\gray.mkv', '..\\videos\\source\\GondolaPart3_LossLess.mp4', '.\\videos\\gray.mkv', '..\\videos\\SVP\\30\\GondolaPart3_30_svp_60.mp4']",radio,4,2022-06-27 18:04:31 668344
9,6,"['..\\videos\\source\\HomelessSleeping_LossLess.mp4', '.\\videos\\gray.mkv', '..\\videos\\SVP\\15\\HomelessSleeping_15_svp_60.mp4', '.\\videos\\gray.mkv', '..\\videos\\source\\HomelessSleeping_LossLess.mp4', '.\\videos\\gray.mkv', '..\\videos\\SVP\\15\\HomelessSleeping_15_svp_60.mp4']",radio,2,2022-06-27 18:04:54 699908
9,7,"['..\\videos\\source\\GondolaPart3_LossLess.mp4', '.\\videos\\gray.mkv', '..\\videos\\duplicated\\30\\GondolaPart3_30.mp4', '.\\videos\\gray.mkv', '..\\videos\\source\\GondolaPart3_LossLess.mp4', '.\\videos\\gray.mkv', '..\\videos\\duplicated\\30\\GondolaPart3_30.mp4']",radio,4,2022-06-27 18:05:43 697308
9,8,"['..\\videos\\source\\GondolaPart3_LossLess.mp4', '.\\videos\\gray.mkv', '..\\videos\\RIFE\\30\\GondolaPart3_30_rife-ncnn-v23_60.mp4', '.\\videos\\gray.mkv', '..\\videos\\source\\GondolaPart3_LossLess.mp4', '.\\videos\\gray.mkv', '..\\videos\\RIFE\\30\\GondolaPart3_30_rife-ncnn-v23_60.mp4']",radio,4,2022-06-27 18:06:28 083150
9,9,"['..\\videos\\source\\GodOfForges2_LossLess.mp4', '.\\videos\\gray.mkv', '..\\videos\\duplicated\\15\\GodOfForges2_15.mp4', '.\\videos\\gray.mkv', '..\\videos\\source\\GodOfForges2_LossLess.mp4', '.\\videos\\gray.mkv', '..\\videos\\duplicated\\15\\GodOfForges2_15.mp4']",radio,2,2022-06-27 18:06:50 153492
9,10,"['..\\videos\\source\\GondolaPart2_LossLess.mp4', '.\\videos\\gray.mkv', '..\\videos\\duplicated\\30\\GondolaPart2_30.mp4', '.\\videos\\gray.mkv', '..\\videos\\source\\GondolaPart2_LossLess.mp4', '.\\videos\\gray.mkv', '..\\videos\\duplicated\\30\\GondolaPart2_30.mp4']",radio,5,2022-06-27 18:07:33 426012
9,11,"['..\\videos\\source\\GondolaPart3_LossLess.mp4', '.\\videos\\gray.mkv', '..\\videos\\RIFE\\15\\GondolaPart3_15_rife-ncnn-v23_60.mp4', '.\\videos\\gray.mkv', '..\\videos\\source\\GondolaPart3_LossLess.mp4', '.\\videos\\gray.mkv', '..\\videos\\RIFE\\15\\GondolaPart3_15_rife-ncnn-v23_60.mp4']",radio,5,2022-06-27 18:08:20 030102
9,12,"['..\\videos\\source\\GondolaPart2_LossLess.mp4', '.\\videos\\gray.mkv', '..\\videos\\RIFE\\30\\GondolaPart2_30_rife-ncnn-v23_60.mp4', '.\\videos\\gray.mkv', '..\\videos\\source\\GondolaPart2_LossLess.mp4', '.\\videos\\gray.mkv', '..\\videos\\RIFE\\30\\GondolaPart2_30_rife-ncnn-v23_60.mp4']",radio,5,2022-06-27 18:09:00 789867
9,13,"['..\\videos\\source\\GondolaPart1_LossLess.mp4', '.\\videos\\gray.mkv', '..\\videos\\duplicated\\15\\GondolaPart1_15.mp4', '.\\videos\\gray.mkv', '..\\videos\\source\\GondolaPart1_LossLess.mp4', '.\\videos\\gray.mkv', '..\\videos\\duplicated\\15\\GondolaPart1_15.mp4']",radio,2,2022-06-27 18:11:02 726888
9,14,"['..\\videos\\source\\HomelessSleeping_LossLess.mp4', '.\\videos\\gray.mkv', '..\\videos\\SVP\\30\\HomelessSleeping_30_svp_60.mp4', '.\\videos\\gray.mkv', '..\\videos\\source\\HomelessSleeping_LossLess.mp4', '.\\videos\\gray.mkv', '..\\videos\\SVP\\30\\HomelessSleeping_30_svp_60.mp4']",radio,4,2022-06-27 18:11:24 942215
9,15,"['..\\videos\\source\\GondolaPart1_LossLess.mp4', '.\\videos\\gray.mkv', '..\\videos\\SVP\\30\\GondolaPart1_30_svp_60.mp4', '.\\videos\\gray.mkv', '..\\videos\\source\\GondolaPart1_LossLess.mp4', '.\\videos\\gray.mkv', '..\\videos\\SVP\\30\\GondolaPart1_30_svp_60.mp4']",radio,3,2022-06-27 18:12:35 608092
9,16,"['..\\videos\\source\\GodOfForges2_LossLess.mp4', '.\\videos\\gray.mkv', '..\\videos\\duplicated\\30\\GodOfForges2_30.mp4', '.\\videos\\gray.mkv', '..\\videos\\source\\GodOfForges2_LossLess.mp4', '.\\videos\\gray.mkv', '..\\videos\\duplicated\\30\\GodOfForges2_30.mp4']",radio,4,2022-06-27 18:13:03 117739
9,17,"['..\\videos\\source\\GondolaPart2_LossLess.mp4', '.\\videos\\gray.mkv', '..\\videos\\RIFE\\15\\GondolaPart2_15_rife-ncnn-v23_60.mp4', '.\\videos\\gray.mkv', '..\\videos\\source\\GondolaPart2_LossLess.mp4', '.\\videos\\gray.mkv', '..\\videos\\RIFE\\15\\GondolaPart2_15_rife-ncnn-v23_60.mp4']",radio,4,2022-06-27 18:13:43 231635
9,18,"['..\\videos\\source\\HomelessSleeping_LossLess.mp4', '.\\videos\\gray.mkv', '..\\videos\\duplicated\\30\\HomelessSleeping_30.mp4', '.\\videos\\gray.mkv', '..\\videos\\source\\HomelessSleeping_LossLess.mp4', '.\\videos\\gray.mkv', '..\\videos\\duplicated\\30\\HomelessSleeping_30.mp4']",radio,2,2022-06-27 18:14:18 558232
9,19,"['..\\videos\\source\\GodOfForges2_LossLess.mp4', '.\\videos\\gray.mkv', '..\\videos\\RIFE\\15\\GodOfForges2_15_rife-ncnn-v23_60.mp4', '.\\videos\\gray.mkv', '..\\videos\\source\\GodOfForges2_LossLess.mp4', '.\\videos\\gray.mkv', '..\\videos\\RIFE\\15\\GodOfForges2_15_rife-ncnn-v23_60.mp4']",radio,1,2022-06-27 18:14:43 585289
9,20,"['..\\videos\\source\\GodOfForges2_LossLess.mp4', '.\\videos\\gray.mkv', '..\\videos\\RIFE\\30\\GodOfForges2_30_rife-ncnn-v23_60.mp4', '.\\videos\\gray.mkv', '..\\videos\\source\\GodOfForges2_LossLess.mp4', '.\\videos\\gray.mkv', '..\\videos\\RIFE\\30\\GodOfForges2_30_rife-ncnn-v23_60.mp4']",radio,2,2022-06-27 18:15:08 738237
9,21,"['..\\videos\\source\\GondolaPart1_LossLess.mp4', '.\\videos\\gray.mkv', '..\\videos\\RIFE\\30\\GondolaPart1_30_rife-ncnn-v23_60.mp4', '.\\videos\\gray.mkv', '..\\videos\\source\\GondolaPart1_LossLess.mp4', '.\\videos\\gray.mkv', '..\\videos\\RIFE\\30\\GondolaPart1_30_rife-ncnn-v23_60.mp4']",radio,5,2022-06-27 18:16:21 019885
9,22,"['..\\videos\\source\\HomelessSleeping_LossLess.mp4', '.\\videos\\gray.mkv', '..\\videos\\RIFE\\15\\HomelessSleeping_15_rife-ncnn-v23_60.mp4', '.\\videos\\gray.mkv', '..\\videos\\source\\HomelessSleeping_LossLess.mp4', '.\\videos\\gray.mkv', '..\\videos\\RIFE\\15\\HomelessSleeping_15_rife-ncnn-v23_60.mp4']",radio,1,2022-06-27 18:16:43 415891
9,23,"['..\\videos\\source\\GondolaPart1_LossLess.mp4', '.\\videos\\gray.mkv', '..\\videos\\SVP\\15\\GondolaPart1_15_svp_60.mp4', '.\\videos\\gray.mkv', '..\\videos\\source\\GondolaPart1_LossLess.mp4', '.\\videos\\gray.mkv', '..\\videos\\SVP\\15\\GondolaPart1_15_svp_60.mp4']",radio,1,2022-06-27 18:17:55 794170
9,24,"['..\\videos\\source\\GondolaPart1_LossLess.mp4', '.\\videos\\gray.mkv', '..\\videos\\RIFE\\15\\GondolaPart1_15_rife-ncnn-v23_60.mp4', '.\\videos\\gray.mkv', '..\\videos\\source\\GondolaPart1_LossLess.mp4', '.\\videos\\gray.mkv', '..\\videos\\RIFE\\15\\GondolaPart1_15_rife-ncnn-v23_60.mp4']",radio,3,2022-06-27 18:19:09 253321
9,25,"['..\\videos\\source\\GondolaPart2_LossLess.mp4', '.\\videos\\gray.mkv', '..\\videos\\SVP\\30\\GondolaPart2_30_svp_60.mp4', '.\\videos\\gray.mkv', '..\\videos\\source\\GondolaPart2_LossLess.mp4', '.\\videos\\gray.mkv', '..\\videos\\SVP\\30\\GondolaPart2_30_svp_60.mp4']",radio,4,2022-06-27 18:19:50 673033
9,26,"['..\\videos\\source\\GodOfForges2_LossLess.mp4', '.\\videos\\gray.mkv', '..\\videos\\SVP\\30\\GodOfForges2_30_svp_60.mp4', '.\\videos\\gray.mkv', '..\\videos\\source\\GodOfForges2_LossLess.mp4', '.\\videos\\gray.mkv', '..\\videos\\SVP\\30\\GodOfForges2_30_svp_60.mp4']",radio,3,2022-06-27 18:20:13 356702
9,27,"['..\\videos\\source\\GondolaPart2_LossLess.mp4', '.\\videos\\gray.mkv', '..\\videos\\duplicated\\15\\GondolaPart2_15.mp4', '.\\videos\\gray.mkv', '..\\videos\\source\\GondolaPart2_LossLess.mp4', '.\\videos\\gray.mkv', '..\\videos\\duplicated\\15\\GondolaPart2_15.mp4']",radio,2,2022-06-27 18:20:53 580637
9,28,"['..\\videos\\source\\GondolaPart2_LossLess.mp4', '.\\videos\\gray.mkv', '..\\videos\\SVP\\15\\GondolaPart2_15_svp_60.mp4', '.\\videos\\gray.mkv', '..\\videos\\source\\GondolaPart2_LossLess.mp4', '.\\videos\\gray.mkv', '..\\videos\\SVP\\15\\GondolaPart2_15_svp_60.mp4']",radio,2,2022-06-27 18:21:32 966889
9,29,"['..\\videos\\source\\HomelessSleeping_LossLess.mp4', '.\\videos\\gray.mkv', '..\\videos\\duplicated\\15\\HomelessSleeping_15.mp4', '.\\videos\\gray.mkv', '..\\videos\\source\\HomelessSleeping_LossLess.mp4', '.\\videos\\gray.mkv', '..\\videos\\duplicated\\15\\HomelessSleeping_15.mp4']",radio,1,2022-06-27 18:21:59 558205
