user_ID,video_ID,video_name,tracker
2,0,"['..\\videos\\source\\Beauty_LossLess.mp4', '.\\videos\\gray.mkv', '..\\videos\\SVP\\15\\Beauty_15_svp_60.mp4', '.\\videos\\gray.mkv', '..\\videos\\source\\Beauty_LossLess.mp4', '.\\videos\\gray.mkv', '..\\videos\\SVP\\15\\Beauty_15_svp_60.mp4']",No tracking data submitted.
2,1,"['..\\videos\\source\\BallUnderWater_LossLess.mp4', '.\\videos\\gray.mkv', '..\\videos\\RIFE\\15\\BallUnderWater_15_rife-ncnn-v23_60.mp4', '.\\videos\\gray.mkv', '..\\videos\\source\\BallUnderWater_LossLess.mp4', '.\\videos\\gray.mkv', '..\\videos\\RIFE\\15\\BallUnderWater_15_rife-ncnn-v23_60.mp4']",No tracking data submitted.
2,2,"['..\\videos\\source\\BarScene_LossLess.mp4', '.\\videos\\gray.mkv', '..\\videos\\RIFE\\15\\BarScene_15_rife-ncnn-v23_60.mp4', '.\\videos\\gray.mkv', '..\\videos\\source\\BarScene_LossLess.mp4', '.\\videos\\gray.mkv', '..\\videos\\RIFE\\15\\BarScene_15_rife-ncnn-v23_60.mp4']",No tracking data submitted.
2,3,"['..\\videos\\source\\Birthday_LossLess.mp4', '.\\videos\\gray.mkv', '..\\videos\\RIFE\\15\\Birthday_15_rife-ncnn-v23_60.mp4', '.\\videos\\gray.mkv', '..\\videos\\source\\Birthday_LossLess.mp4', '.\\videos\\gray.mkv', '..\\videos\\RIFE\\15\\Birthday_15_rife-ncnn-v23_60.mp4']",No tracking data submitted.
2,4,"['..\\videos\\source\\BarScene_LossLess.mp4', '.\\videos\\gray.mkv', '..\\videos\\RIFE\\30\\BarScene_30_rife-ncnn-v23_60.mp4', '.\\videos\\gray.mkv', '..\\videos\\source\\BarScene_LossLess.mp4', '.\\videos\\gray.mkv', '..\\videos\\RIFE\\30\\BarScene_30_rife-ncnn-v23_60.mp4']",No tracking data submitted.
2,5,"['..\\videos\\source\\ArenaOfValor_LossLess.mp4', '.\\videos\\gray.mkv', '..\\videos\\duplicated\\15\\ArenaOfValor_15.mp4', '.\\videos\\gray.mkv', '..\\videos\\source\\ArenaOfValor_LossLess.mp4', '.\\videos\\gray.mkv', '..\\videos\\duplicated\\15\\ArenaOfValor_15.mp4']",No tracking data submitted.
2,6,"['..\\videos\\source\\Beauty_LossLess.mp4', '.\\videos\\gray.mkv', '..\\videos\\duplicated\\15\\Beauty_15.mp4', '.\\videos\\gray.mkv', '..\\videos\\source\\Beauty_LossLess.mp4', '.\\videos\\gray.mkv', '..\\videos\\duplicated\\15\\Beauty_15.mp4']",No tracking data submitted.
2,7,"['..\\videos\\source\\ArenaOfValor_LossLess.mp4', '.\\videos\\gray.mkv', '..\\videos\\RIFE\\30\\ArenaOfValor_30_rife-ncnn-v23_60.mp4', '.\\videos\\gray.mkv', '..\\videos\\source\\ArenaOfValor_LossLess.mp4', '.\\videos\\gray.mkv', '..\\videos\\RIFE\\30\\ArenaOfValor_30_rife-ncnn-v23_60.mp4']",No tracking data submitted.
2,8,"['..\\videos\\source\\BarScene_LossLess.mp4', '.\\videos\\gray.mkv', '..\\videos\\SVP\\30\\BarScene_30_svp_60.mp4', '.\\videos\\gray.mkv', '..\\videos\\source\\BarScene_LossLess.mp4', '.\\videos\\gray.mkv', '..\\videos\\SVP\\30\\BarScene_30_svp_60.mp4']",No tracking data submitted.
2,9,"['..\\videos\\source\\BallUnderWater_LossLess.mp4', '.\\videos\\gray.mkv', '..\\videos\\SVP\\30\\BallUnderWater_30_svp_60.mp4', '.\\videos\\gray.mkv', '..\\videos\\source\\BallUnderWater_LossLess.mp4', '.\\videos\\gray.mkv', '..\\videos\\SVP\\30\\BallUnderWater_30_svp_60.mp4']",No tracking data submitted.
2,10,"['..\\videos\\source\\ArenaOfValor_LossLess.mp4', '.\\videos\\gray.mkv', '..\\videos\\SVP\\15\\ArenaOfValor_15_svp_60.mp4', '.\\videos\\gray.mkv', '..\\videos\\source\\ArenaOfValor_LossLess.mp4', '.\\videos\\gray.mkv', '..\\videos\\SVP\\15\\ArenaOfValor_15_svp_60.mp4']",No tracking data submitted.
2,11,"['..\\videos\\source\\Beauty_LossLess.mp4', '.\\videos\\gray.mkv', '..\\videos\\duplicated\\30\\Beauty_30.mp4', '.\\videos\\gray.mkv', '..\\videos\\source\\Beauty_LossLess.mp4', '.\\videos\\gray.mkv', '..\\videos\\duplicated\\30\\Beauty_30.mp4']",No tracking data submitted.
2,12,"['..\\videos\\source\\Beauty_LossLess.mp4', '.\\videos\\gray.mkv', '..\\videos\\SVP\\30\\Beauty_30_svp_60.mp4', '.\\videos\\gray.mkv', '..\\videos\\source\\Beauty_LossLess.mp4', '.\\videos\\gray.mkv', '..\\videos\\SVP\\30\\Beauty_30_svp_60.mp4']",No tracking data submitted.
2,13,"['..\\videos\\source\\BallUnderWater_LossLess.mp4', '.\\videos\\gray.mkv', '..\\videos\\duplicated\\30\\BallUnderWater_30.mp4', '.\\videos\\gray.mkv', '..\\videos\\source\\BallUnderWater_LossLess.mp4', '.\\videos\\gray.mkv', '..\\videos\\duplicated\\30\\BallUnderWater_30.mp4']",No tracking data submitted.
2,14,"['..\\videos\\source\\BallUnderWater_LossLess.mp4', '.\\videos\\gray.mkv', '..\\videos\\RIFE\\30\\BallUnderWater_30_rife-ncnn-v23_60.mp4', '.\\videos\\gray.mkv', '..\\videos\\source\\BallUnderWater_LossLess.mp4', '.\\videos\\gray.mkv', '..\\videos\\RIFE\\30\\BallUnderWater_30_rife-ncnn-v23_60.mp4']",No tracking data submitted.
2,15,"['..\\videos\\source\\Birthday_LossLess.mp4', '.\\videos\\gray.mkv', '..\\videos\\duplicated\\30\\Birthday_30.mp4', '.\\videos\\gray.mkv', '..\\videos\\source\\Birthday_LossLess.mp4', '.\\videos\\gray.mkv', '..\\videos\\duplicated\\30\\Birthday_30.mp4']",No tracking data submitted.
2,16,"['..\\videos\\source\\ArenaOfValor_LossLess.mp4', '.\\videos\\gray.mkv', '..\\videos\\duplicated\\30\\ArenaOfValor_30.mp4', '.\\videos\\gray.mkv', '..\\videos\\source\\ArenaOfValor_LossLess.mp4', '.\\videos\\gray.mkv', '..\\videos\\duplicated\\30\\ArenaOfValor_30.mp4']",No tracking data submitted.
2,17,"['..\\videos\\source\\BarScene_LossLess.mp4', '.\\videos\\gray.mkv', '..\\videos\\duplicated\\15\\BarScene_15.mp4', '.\\videos\\gray.mkv', '..\\videos\\source\\BarScene_LossLess.mp4', '.\\videos\\gray.mkv', '..\\videos\\duplicated\\15\\BarScene_15.mp4']",No tracking data submitted.
2,18,"['..\\videos\\source\\BarScene_LossLess.mp4', '.\\videos\\gray.mkv', '..\\videos\\SVP\\15\\BarScene_15_svp_60.mp4', '.\\videos\\gray.mkv', '..\\videos\\source\\BarScene_LossLess.mp4', '.\\videos\\gray.mkv', '..\\videos\\SVP\\15\\BarScene_15_svp_60.mp4']",No tracking data submitted.
2,19,"['..\\videos\\source\\Birthday_LossLess.mp4', '.\\videos\\gray.mkv', '..\\videos\\SVP\\15\\Birthday_15_svp_60.mp4', '.\\videos\\gray.mkv', '..\\videos\\source\\Birthday_LossLess.mp4', '.\\videos\\gray.mkv', '..\\videos\\SVP\\15\\Birthday_15_svp_60.mp4']",No tracking data submitted.
2,20,"['..\\videos\\source\\Birthday_LossLess.mp4', '.\\videos\\gray.mkv', '..\\videos\\duplicated\\15\\Birthday_15.mp4', '.\\videos\\gray.mkv', '..\\videos\\source\\Birthday_LossLess.mp4', '.\\videos\\gray.mkv', '..\\videos\\duplicated\\15\\Birthday_15.mp4']",No tracking data submitted.
2,21,"['..\\videos\\source\\ArenaOfValor_LossLess.mp4', '.\\videos\\gray.mkv', '..\\videos\\SVP\\30\\ArenaOfValor_30_svp_60.mp4', '.\\videos\\gray.mkv', '..\\videos\\source\\ArenaOfValor_LossLess.mp4', '.\\videos\\gray.mkv', '..\\videos\\SVP\\30\\ArenaOfValor_30_svp_60.mp4']",No tracking data submitted.
2,22,"['..\\videos\\source\\ArenaOfValor_LossLess.mp4', '.\\videos\\gray.mkv', '..\\videos\\RIFE\\15\\ArenaOfValor_15_rife-ncnn-v23_60.mp4', '.\\videos\\gray.mkv', '..\\videos\\source\\ArenaOfValor_LossLess.mp4', '.\\videos\\gray.mkv', '..\\videos\\RIFE\\15\\ArenaOfValor_15_rife-ncnn-v23_60.mp4']",No tracking data submitted.
2,23,"['..\\videos\\source\\BallUnderWater_LossLess.mp4', '.\\videos\\gray.mkv', '..\\videos\\SVP\\15\\BallUnderWater_15_svp_60.mp4', '.\\videos\\gray.mkv', '..\\videos\\source\\BallUnderWater_LossLess.mp4', '.\\videos\\gray.mkv', '..\\videos\\SVP\\15\\BallUnderWater_15_svp_60.mp4']",No tracking data submitted.
2,24,"['..\\videos\\source\\Birthday_LossLess.mp4', '.\\videos\\gray.mkv', '..\\videos\\SVP\\30\\Birthday_30_svp_60.mp4', '.\\videos\\gray.mkv', '..\\videos\\source\\Birthday_LossLess.mp4', '.\\videos\\gray.mkv', '..\\videos\\SVP\\30\\Birthday_30_svp_60.mp4']",No tracking data submitted.
2,25,"['..\\videos\\source\\BallUnderWater_LossLess.mp4', '.\\videos\\gray.mkv', '..\\videos\\duplicated\\15\\BallUnderWater_15.mp4', '.\\videos\\gray.mkv', '..\\videos\\source\\BallUnderWater_LossLess.mp4', '.\\videos\\gray.mkv', '..\\videos\\duplicated\\15\\BallUnderWater_15.mp4']",No tracking data submitted.
2,26,"['..\\videos\\source\\Beauty_LossLess.mp4', '.\\videos\\gray.mkv', '..\\videos\\RIFE\\30\\Beauty_30_rife-ncnn-v23_60.mp4', '.\\videos\\gray.mkv', '..\\videos\\source\\Beauty_LossLess.mp4', '.\\videos\\gray.mkv', '..\\videos\\RIFE\\30\\Beauty_30_rife-ncnn-v23_60.mp4']",No tracking data submitted.
2,27,"['..\\videos\\source\\BarScene_LossLess.mp4', '.\\videos\\gray.mkv', '..\\videos\\duplicated\\30\\BarScene_30.mp4', '.\\videos\\gray.mkv', '..\\videos\\source\\BarScene_LossLess.mp4', '.\\videos\\gray.mkv', '..\\videos\\duplicated\\30\\BarScene_30.mp4']",No tracking data submitted.
2,28,"['..\\videos\\source\\Birthday_LossLess.mp4', '.\\videos\\gray.mkv', '..\\videos\\RIFE\\30\\Birthday_30_rife-ncnn-v23_60.mp4', '.\\videos\\gray.mkv', '..\\videos\\source\\Birthday_LossLess.mp4', '.\\videos\\gray.mkv', '..\\videos\\RIFE\\30\\Birthday_30_rife-ncnn-v23_60.mp4']",No tracking data submitted.
2,29,"['..\\videos\\source\\Beauty_LossLess.mp4', '.\\videos\\gray.mkv', '..\\videos\\RIFE\\15\\Beauty_15_rife-ncnn-v23_60.mp4', '.\\videos\\gray.mkv', '..\\videos\\source\\Beauty_LossLess.mp4', '.\\videos\\gray.mkv', '..\\videos\\RIFE\\15\\Beauty_15_rife-ncnn-v23_60.mp4']",No tracking data submitted.
3,0,"['..\\videos\\source\\Bookcase_LossLess.mp4', '.\\videos\\gray.mkv', '..\\videos\\duplicated\\15\\Bookcase_15.mp4', '.\\videos\\gray.mkv', '..\\videos\\source\\Bookcase_LossLess.mp4', '.\\videos\\gray.mkv', '..\\videos\\duplicated\\15\\Bookcase_15.mp4']",No tracking data submitted.
3,1,"['..\\videos\\source\\Bookcase_LossLess.mp4', '.\\videos\\gray.mkv', '..\\videos\\SVP\\30\\Bookcase_30_svp_60.mp4', '.\\videos\\gray.mkv', '..\\videos\\source\\Bookcase_LossLess.mp4', '.\\videos\\gray.mkv', '..\\videos\\SVP\\30\\Bookcase_30_svp_60.mp4']",No tracking data submitted.
3,2,"['..\\videos\\source\\BirthdayFlashPart1_LossLess.mp4', '.\\videos\\gray.mkv', '..\\videos\\duplicated\\30\\BirthdayFlashPart1_30.mp4', '.\\videos\\gray.mkv', '..\\videos\\source\\BirthdayFlashPart1_LossLess.mp4', '.\\videos\\gray.mkv', '..\\videos\\duplicated\\30\\BirthdayFlashPart1_30.mp4']",No tracking data submitted.
3,3,"['..\\videos\\source\\BoatPart2_LossLess.mp4', '.\\videos\\gray.mkv', '..\\videos\\duplicated\\30\\BoatPart2_30.mp4', '.\\videos\\gray.mkv', '..\\videos\\source\\BoatPart2_LossLess.mp4', '.\\videos\\gray.mkv', '..\\videos\\duplicated\\30\\BoatPart2_30.mp4']",No tracking data submitted.
3,4,"['..\\videos\\source\\BirthdayFlashPart1_LossLess.mp4', '.\\videos\\gray.mkv', '..\\videos\\RIFE\\15\\BirthdayFlashPart1_15_rife-ncnn-v23_60.mp4', '.\\videos\\gray.mkv', '..\\videos\\source\\BirthdayFlashPart1_LossLess.mp4', '.\\videos\\gray.mkv', '..\\videos\\RIFE\\15\\BirthdayFlashPart1_15_rife-ncnn-v23_60.mp4']",No tracking data submitted.
3,5,"['..\\videos\\source\\Bosphorus_LossLess.mp4', '.\\videos\\gray.mkv', '..\\videos\\duplicated\\15\\Bosphorus_15.mp4', '.\\videos\\gray.mkv', '..\\videos\\source\\Bosphorus_LossLess.mp4', '.\\videos\\gray.mkv', '..\\videos\\duplicated\\15\\Bosphorus_15.mp4']",No tracking data submitted.
3,6,"['..\\videos\\source\\Bosphorus_LossLess.mp4', '.\\videos\\gray.mkv', '..\\videos\\SVP\\15\\Bosphorus_15_svp_60.mp4', '.\\videos\\gray.mkv', '..\\videos\\source\\Bosphorus_LossLess.mp4', '.\\videos\\gray.mkv', '..\\videos\\SVP\\15\\Bosphorus_15_svp_60.mp4']",No tracking data submitted.
3,7,"['..\\videos\\source\\Bookcase_LossLess.mp4', '.\\videos\\gray.mkv', '..\\videos\\RIFE\\30\\Bookcase_30_rife-ncnn-v23_60.mp4', '.\\videos\\gray.mkv', '..\\videos\\source\\Bookcase_LossLess.mp4', '.\\videos\\gray.mkv', '..\\videos\\RIFE\\30\\Bookcase_30_rife-ncnn-v23_60.mp4']",No tracking data submitted.
3,8,"['..\\videos\\source\\Bookcase_LossLess.mp4', '.\\videos\\gray.mkv', '..\\videos\\SVP\\15\\Bookcase_15_svp_60.mp4', '.\\videos\\gray.mkv', '..\\videos\\source\\Bookcase_LossLess.mp4', '.\\videos\\gray.mkv', '..\\videos\\SVP\\15\\Bookcase_15_svp_60.mp4']",No tracking data submitted.
3,9,"['..\\videos\\source\\BirthdayFlashPart2_LossLess.mp4', '.\\videos\\gray.mkv', '..\\videos\\RIFE\\15\\BirthdayFlashPart2_15_rife-ncnn-v23_60.mp4', '.\\videos\\gray.mkv', '..\\videos\\source\\BirthdayFlashPart2_LossLess.mp4', '.\\videos\\gray.mkv', '..\\videos\\RIFE\\15\\BirthdayFlashPart2_15_rife-ncnn-v23_60.mp4']",No tracking data submitted.
3,10,"['..\\videos\\source\\BirthdayFlashPart2_LossLess.mp4', '.\\videos\\gray.mkv', '..\\videos\\SVP\\30\\BirthdayFlashPart2_30_svp_60.mp4', '.\\videos\\gray.mkv', '..\\videos\\source\\BirthdayFlashPart2_LossLess.mp4', '.\\videos\\gray.mkv', '..\\videos\\SVP\\30\\BirthdayFlashPart2_30_svp_60.mp4']",No tracking data submitted.
3,11,"['..\\videos\\source\\BirthdayFlashPart2_LossLess.mp4', '.\\videos\\gray.mkv', '..\\videos\\RIFE\\30\\BirthdayFlashPart2_30_rife-ncnn-v23_60.mp4', '.\\videos\\gray.mkv', '..\\videos\\source\\BirthdayFlashPart2_LossLess.mp4', '.\\videos\\gray.mkv', '..\\videos\\RIFE\\30\\BirthdayFlashPart2_30_rife-ncnn-v23_60.mp4']",No tracking data submitted.
3,12,"['..\\videos\\source\\Bosphorus_LossLess.mp4', '.\\videos\\gray.mkv', '..\\videos\\RIFE\\30\\Bosphorus_30_rife-ncnn-v23_60.mp4', '.\\videos\\gray.mkv', '..\\videos\\source\\Bosphorus_LossLess.mp4', '.\\videos\\gray.mkv', '..\\videos\\RIFE\\30\\Bosphorus_30_rife-ncnn-v23_60.mp4']",No tracking data submitted.
3,13,"['..\\videos\\source\\Bosphorus_LossLess.mp4', '.\\videos\\gray.mkv', '..\\videos\\duplicated\\30\\Bosphorus_30.mp4', '.\\videos\\gray.mkv', '..\\videos\\source\\Bosphorus_LossLess.mp4', '.\\videos\\gray.mkv', '..\\videos\\duplicated\\30\\Bosphorus_30.mp4']",No tracking data submitted.
3,14,"['..\\videos\\source\\BoatPart2_LossLess.mp4', '.\\videos\\gray.mkv', '..\\videos\\RIFE\\30\\BoatPart2_30_rife-ncnn-v23_60.mp4', '.\\videos\\gray.mkv', '..\\videos\\source\\BoatPart2_LossLess.mp4', '.\\videos\\gray.mkv', '..\\videos\\RIFE\\30\\BoatPart2_30_rife-ncnn-v23_60.mp4']",No tracking data submitted.
3,15,"['..\\videos\\source\\BirthdayFlashPart1_LossLess.mp4', '.\\videos\\gray.mkv', '..\\videos\\SVP\\30\\BirthdayFlashPart1_30_svp_60.mp4', '.\\videos\\gray.mkv', '..\\videos\\source\\BirthdayFlashPart1_LossLess.mp4', '.\\videos\\gray.mkv', '..\\videos\\SVP\\30\\BirthdayFlashPart1_30_svp_60.mp4']",No tracking data submitted.
3,16,"['..\\videos\\source\\Bosphorus_LossLess.mp4', '.\\videos\\gray.mkv', '..\\videos\\RIFE\\15\\Bosphorus_15_rife-ncnn-v23_60.mp4', '.\\videos\\gray.mkv', '..\\videos\\source\\Bosphorus_LossLess.mp4', '.\\videos\\gray.mkv', '..\\videos\\RIFE\\15\\Bosphorus_15_rife-ncnn-v23_60.mp4']",No tracking data submitted.
3,17,"['..\\videos\\source\\BoatPart2_LossLess.mp4', '.\\videos\\gray.mkv', '..\\videos\\duplicated\\15\\BoatPart2_15.mp4', '.\\videos\\gray.mkv', '..\\videos\\source\\BoatPart2_LossLess.mp4', '.\\videos\\gray.mkv', '..\\videos\\duplicated\\15\\BoatPart2_15.mp4']",No tracking data submitted.
3,18,"['..\\videos\\source\\BoatPart2_LossLess.mp4', '.\\videos\\gray.mkv', '..\\videos\\RIFE\\15\\BoatPart2_15_rife-ncnn-v23_60.mp4', '.\\videos\\gray.mkv', '..\\videos\\source\\BoatPart2_LossLess.mp4', '.\\videos\\gray.mkv', '..\\videos\\RIFE\\15\\BoatPart2_15_rife-ncnn-v23_60.mp4']",No tracking data submitted.
3,19,"['..\\videos\\source\\BoatPart2_LossLess.mp4', '.\\videos\\gray.mkv', '..\\videos\\SVP\\30\\BoatPart2_30_svp_60.mp4', '.\\videos\\gray.mkv', '..\\videos\\source\\BoatPart2_LossLess.mp4', '.\\videos\\gray.mkv', '..\\videos\\SVP\\30\\BoatPart2_30_svp_60.mp4']",No tracking data submitted.
3,20,"['..\\videos\\source\\BirthdayFlashPart2_LossLess.mp4', '.\\videos\\gray.mkv', '..\\videos\\duplicated\\15\\BirthdayFlashPart2_15.mp4', '.\\videos\\gray.mkv', '..\\videos\\source\\BirthdayFlashPart2_LossLess.mp4', '.\\videos\\gray.mkv', '..\\videos\\duplicated\\15\\BirthdayFlashPart2_15.mp4']",No tracking data submitted.
3,21,"['..\\videos\\source\\BirthdayFlashPart1_LossLess.mp4', '.\\videos\\gray.mkv', '..\\videos\\duplicated\\15\\BirthdayFlashPart1_15.mp4', '.\\videos\\gray.mkv', '..\\videos\\source\\BirthdayFlashPart1_LossLess.mp4', '.\\videos\\gray.mkv', '..\\videos\\duplicated\\15\\BirthdayFlashPart1_15.mp4']",No tracking data submitted.
3,22,"['..\\videos\\source\\BirthdayFlashPart1_LossLess.mp4', '.\\videos\\gray.mkv', '..\\videos\\RIFE\\30\\BirthdayFlashPart1_30_rife-ncnn-v23_60.mp4', '.\\videos\\gray.mkv', '..\\videos\\source\\BirthdayFlashPart1_LossLess.mp4', '.\\videos\\gray.mkv', '..\\videos\\RIFE\\30\\BirthdayFlashPart1_30_rife-ncnn-v23_60.mp4']",No tracking data submitted.
3,23,"['..\\videos\\source\\BirthdayFlashPart2_LossLess.mp4', '.\\videos\\gray.mkv', '..\\videos\\duplicated\\30\\BirthdayFlashPart2_30.mp4', '.\\videos\\gray.mkv', '..\\videos\\source\\BirthdayFlashPart2_LossLess.mp4', '.\\videos\\gray.mkv', '..\\videos\\duplicated\\30\\BirthdayFlashPart2_30.mp4']",No tracking data submitted.
3,24,"['..\\videos\\source\\Bookcase_LossLess.mp4', '.\\videos\\gray.mkv', '..\\videos\\RIFE\\15\\Bookcase_15_rife-ncnn-v23_60.mp4', '.\\videos\\gray.mkv', '..\\videos\\source\\Bookcase_LossLess.mp4', '.\\videos\\gray.mkv', '..\\videos\\RIFE\\15\\Bookcase_15_rife-ncnn-v23_60.mp4']",No tracking data submitted.
3,25,"['..\\videos\\source\\BoatPart2_LossLess.mp4', '.\\videos\\gray.mkv', '..\\videos\\SVP\\15\\BoatPart2_15_svp_60.mp4', '.\\videos\\gray.mkv', '..\\videos\\source\\BoatPart2_LossLess.mp4', '.\\videos\\gray.mkv', '..\\videos\\SVP\\15\\BoatPart2_15_svp_60.mp4']",No tracking data submitted.
3,26,"['..\\videos\\source\\BirthdayFlashPart1_LossLess.mp4', '.\\videos\\gray.mkv', '..\\videos\\SVP\\15\\BirthdayFlashPart1_15_svp_60.mp4', '.\\videos\\gray.mkv', '..\\videos\\source\\BirthdayFlashPart1_LossLess.mp4', '.\\videos\\gray.mkv', '..\\videos\\SVP\\15\\BirthdayFlashPart1_15_svp_60.mp4']",No tracking data submitted.
3,27,"['..\\videos\\source\\Bookcase_LossLess.mp4', '.\\videos\\gray.mkv', '..\\videos\\duplicated\\30\\Bookcase_30.mp4', '.\\videos\\gray.mkv', '..\\videos\\source\\Bookcase_LossLess.mp4', '.\\videos\\gray.mkv', '..\\videos\\duplicated\\30\\Bookcase_30.mp4']",No tracking data submitted.
3,28,"['..\\videos\\source\\BirthdayFlashPart2_LossLess.mp4', '.\\videos\\gray.mkv', '..\\videos\\SVP\\15\\BirthdayFlashPart2_15_svp_60.mp4', '.\\videos\\gray.mkv', '..\\videos\\source\\BirthdayFlashPart2_LossLess.mp4', '.\\videos\\gray.mkv', '..\\videos\\SVP\\15\\BirthdayFlashPart2_15_svp_60.mp4']",No tracking data submitted.
3,29,"['..\\videos\\source\\Bosphorus_LossLess.mp4', '.\\videos\\gray.mkv', '..\\videos\\SVP\\30\\Bosphorus_30_svp_60.mp4', '.\\videos\\gray.mkv', '..\\videos\\source\\Bosphorus_LossLess.mp4', '.\\videos\\gray.mkv', '..\\videos\\SVP\\30\\Bosphorus_30_svp_60.mp4']",No tracking data submitted.
4,0,"['..\\videos\\source\\BricksBushesStatic_LossLess.mp4', '.\\videos\\gray.mkv', '..\\videos\\RIFE\\30\\BricksBushesStatic_30_rife-ncnn-v23_60.mp4', '.\\videos\\gray.mkv', '..\\videos\\source\\BricksBushesStatic_LossLess.mp4', '.\\videos\\gray.mkv', '..\\videos\\RIFE\\30\\BricksBushesStatic_30_rife-ncnn-v23_60.mp4']",No tracking data submitted.
4,1,"['..\\videos\\source\\BricksLeaves_LossLess.mp4', '.\\videos\\gray.mkv', '..\\videos\\RIFE\\15\\BricksLeaves_15_rife-ncnn-v23_60.mp4', '.\\videos\\gray.mkv', '..\\videos\\source\\BricksLeaves_LossLess.mp4', '.\\videos\\gray.mkv', '..\\videos\\RIFE\\15\\BricksLeaves_15_rife-ncnn-v23_60.mp4']",No tracking data submitted.
4,2,"['..\\videos\\source\\BricksLeaves_LossLess.mp4', '.\\videos\\gray.mkv', '..\\videos\\RIFE\\30\\BricksLeaves_30_rife-ncnn-v23_60.mp4', '.\\videos\\gray.mkv', '..\\videos\\source\\BricksLeaves_LossLess.mp4', '.\\videos\\gray.mkv', '..\\videos\\RIFE\\30\\BricksLeaves_30_rife-ncnn-v23_60.mp4']",No tracking data submitted.
4,3,"['..\\videos\\source\\BoxerFace_LossLess.mp4', '.\\videos\\gray.mkv', '..\\videos\\RIFE\\15\\BoxerFace_15_rife-ncnn-v23_60.mp4', '.\\videos\\gray.mkv', '..\\videos\\source\\BoxerFace_LossLess.mp4', '.\\videos\\gray.mkv', '..\\videos\\RIFE\\15\\BoxerFace_15_rife-ncnn-v23_60.mp4']",No tracking data submitted.
4,4,"['..\\videos\\source\\BoxerFace_LossLess.mp4', '.\\videos\\gray.mkv', '..\\videos\\duplicated\\15\\BoxerFace_15.mp4', '.\\videos\\gray.mkv', '..\\videos\\source\\BoxerFace_LossLess.mp4', '.\\videos\\gray.mkv', '..\\videos\\duplicated\\15\\BoxerFace_15.mp4']",No tracking data submitted.
4,5,"['..\\videos\\source\\BricksBushesStatic_LossLess.mp4', '.\\videos\\gray.mkv', '..\\videos\\RIFE\\15\\BricksBushesStatic_15_rife-ncnn-v23_60.mp4', '.\\videos\\gray.mkv', '..\\videos\\source\\BricksBushesStatic_LossLess.mp4', '.\\videos\\gray.mkv', '..\\videos\\RIFE\\15\\BricksBushesStatic_15_rife-ncnn-v23_60.mp4']",No tracking data submitted.
4,6,"['..\\videos\\source\\Bridge_LossLess.mp4', '.\\videos\\gray.mkv', '..\\videos\\SVP\\30\\Bridge_30_svp_60.mp4', '.\\videos\\gray.mkv', '..\\videos\\source\\Bridge_LossLess.mp4', '.\\videos\\gray.mkv', '..\\videos\\SVP\\30\\Bridge_30_svp_60.mp4']",No tracking data submitted.
4,7,"['..\\videos\\source\\Bridge_LossLess.mp4', '.\\videos\\gray.mkv', '..\\videos\\RIFE\\30\\Bridge_30_rife-ncnn-v23_60.mp4', '.\\videos\\gray.mkv', '..\\videos\\source\\Bridge_LossLess.mp4', '.\\videos\\gray.mkv', '..\\videos\\RIFE\\30\\Bridge_30_rife-ncnn-v23_60.mp4']",No tracking data submitted.
4,8,"['..\\videos\\source\\BricksLeaves_LossLess.mp4', '.\\videos\\gray.mkv', '..\\videos\\duplicated\\30\\BricksLeaves_30.mp4', '.\\videos\\gray.mkv', '..\\videos\\source\\BricksLeaves_LossLess.mp4', '.\\videos\\gray.mkv', '..\\videos\\duplicated\\30\\BricksLeaves_30.mp4']",No tracking data submitted.
4,9,"['..\\videos\\source\\BricksLeaves_LossLess.mp4', '.\\videos\\gray.mkv', '..\\videos\\SVP\\15\\BricksLeaves_15_svp_60.mp4', '.\\videos\\gray.mkv', '..\\videos\\source\\BricksLeaves_LossLess.mp4', '.\\videos\\gray.mkv', '..\\videos\\SVP\\15\\BricksLeaves_15_svp_60.mp4']",No tracking data submitted.
4,10,"['..\\videos\\source\\BoxerFace_LossLess.mp4', '.\\videos\\gray.mkv', '..\\videos\\duplicated\\30\\BoxerFace_30.mp4', '.\\videos\\gray.mkv', '..\\videos\\source\\BoxerFace_LossLess.mp4', '.\\videos\\gray.mkv', '..\\videos\\duplicated\\30\\BoxerFace_30.mp4']",No tracking data submitted.
4,11,"['..\\videos\\source\\BridgeViewTraffic_LossLess.mp4', '.\\videos\\gray.mkv', '..\\videos\\RIFE\\30\\BridgeViewTraffic_30_rife-ncnn-v23_60.mp4', '.\\videos\\gray.mkv', '..\\videos\\source\\BridgeViewTraffic_LossLess.mp4', '.\\videos\\gray.mkv', '..\\videos\\RIFE\\30\\BridgeViewTraffic_30_rife-ncnn-v23_60.mp4']",No tracking data submitted.
4,12,"['..\\videos\\source\\BridgeViewTraffic_LossLess.mp4', '.\\videos\\gray.mkv', '..\\videos\\SVP\\15\\BridgeViewTraffic_15_svp_60.mp4', '.\\videos\\gray.mkv', '..\\videos\\source\\BridgeViewTraffic_LossLess.mp4', '.\\videos\\gray.mkv', '..\\videos\\SVP\\15\\BridgeViewTraffic_15_svp_60.mp4']",No tracking data submitted.
4,13,"['..\\videos\\source\\BricksLeaves_LossLess.mp4', '.\\videos\\gray.mkv', '..\\videos\\duplicated\\15\\BricksLeaves_15.mp4', '.\\videos\\gray.mkv', '..\\videos\\source\\BricksLeaves_LossLess.mp4', '.\\videos\\gray.mkv', '..\\videos\\duplicated\\15\\BricksLeaves_15.mp4']",No tracking data submitted.
4,14,"['..\\videos\\source\\Bridge_LossLess.mp4', '.\\videos\\gray.mkv', '..\\videos\\SVP\\15\\Bridge_15_svp_60.mp4', '.\\videos\\gray.mkv', '..\\videos\\source\\Bridge_LossLess.mp4', '.\\videos\\gray.mkv', '..\\videos\\SVP\\15\\Bridge_15_svp_60.mp4']",No tracking data submitted.
4,15,"['..\\videos\\source\\BridgeViewTraffic_LossLess.mp4', '.\\videos\\gray.mkv', '..\\videos\\duplicated\\15\\BridgeViewTraffic_15.mp4', '.\\videos\\gray.mkv', '..\\videos\\source\\BridgeViewTraffic_LossLess.mp4', '.\\videos\\gray.mkv', '..\\videos\\duplicated\\15\\BridgeViewTraffic_15.mp4']",No tracking data submitted.
4,16,"['..\\videos\\source\\Bridge_LossLess.mp4', '.\\videos\\gray.mkv', '..\\videos\\duplicated\\15\\Bridge_15.mp4', '.\\videos\\gray.mkv', '..\\videos\\source\\Bridge_LossLess.mp4', '.\\videos\\gray.mkv', '..\\videos\\duplicated\\15\\Bridge_15.mp4']",No tracking data submitted.
4,17,"['..\\videos\\source\\BoxerFace_LossLess.mp4', '.\\videos\\gray.mkv', '..\\videos\\SVP\\30\\BoxerFace_30_svp_60.mp4', '.\\videos\\gray.mkv', '..\\videos\\source\\BoxerFace_LossLess.mp4', '.\\videos\\gray.mkv', '..\\videos\\SVP\\30\\BoxerFace_30_svp_60.mp4']",No tracking data submitted.
4,18,"['..\\videos\\source\\BricksBushesStatic_LossLess.mp4', '.\\videos\\gray.mkv', '..\\videos\\SVP\\15\\BricksBushesStatic_15_svp_60.mp4', '.\\videos\\gray.mkv', '..\\videos\\source\\BricksBushesStatic_LossLess.mp4', '.\\videos\\gray.mkv', '..\\videos\\SVP\\15\\BricksBushesStatic_15_svp_60.mp4']",No tracking data submitted.
4,19,"['..\\videos\\source\\BridgeViewTraffic_LossLess.mp4', '.\\videos\\gray.mkv', '..\\videos\\SVP\\30\\BridgeViewTraffic_30_svp_60.mp4', '.\\videos\\gray.mkv', '..\\videos\\source\\BridgeViewTraffic_LossLess.mp4', '.\\videos\\gray.mkv', '..\\videos\\SVP\\30\\BridgeViewTraffic_30_svp_60.mp4']",No tracking data submitted.
4,20,"['..\\videos\\source\\BricksLeaves_LossLess.mp4', '.\\videos\\gray.mkv', '..\\videos\\SVP\\30\\BricksLeaves_30_svp_60.mp4', '.\\videos\\gray.mkv', '..\\videos\\source\\BricksLeaves_LossLess.mp4', '.\\videos\\gray.mkv', '..\\videos\\SVP\\30\\BricksLeaves_30_svp_60.mp4']",No tracking data submitted.
4,21,"['..\\videos\\source\\BridgeViewTraffic_LossLess.mp4', '.\\videos\\gray.mkv', '..\\videos\\RIFE\\15\\BridgeViewTraffic_15_rife-ncnn-v23_60.mp4', '.\\videos\\gray.mkv', '..\\videos\\source\\BridgeViewTraffic_LossLess.mp4', '.\\videos\\gray.mkv', '..\\videos\\RIFE\\15\\BridgeViewTraffic_15_rife-ncnn-v23_60.mp4']",No tracking data submitted.
4,22,"['..\\videos\\source\\BricksBushesStatic_LossLess.mp4', '.\\videos\\gray.mkv', '..\\videos\\duplicated\\15\\BricksBushesStatic_15.mp4', '.\\videos\\gray.mkv', '..\\videos\\source\\BricksBushesStatic_LossLess.mp4', '.\\videos\\gray.mkv', '..\\videos\\duplicated\\15\\BricksBushesStatic_15.mp4']",No tracking data submitted.
4,23,"['..\\videos\\source\\Bridge_LossLess.mp4', '.\\videos\\gray.mkv', '..\\videos\\RIFE\\15\\Bridge_15_rife-ncnn-v23_60.mp4', '.\\videos\\gray.mkv', '..\\videos\\source\\Bridge_LossLess.mp4', '.\\videos\\gray.mkv', '..\\videos\\RIFE\\15\\Bridge_15_rife-ncnn-v23_60.mp4']",No tracking data submitted.
4,24,"['..\\videos\\source\\BoxerFace_LossLess.mp4', '.\\videos\\gray.mkv', '..\\videos\\RIFE\\30\\BoxerFace_30_rife-ncnn-v23_60.mp4', '.\\videos\\gray.mkv', '..\\videos\\source\\BoxerFace_LossLess.mp4', '.\\videos\\gray.mkv', '..\\videos\\RIFE\\30\\BoxerFace_30_rife-ncnn-v23_60.mp4']",No tracking data submitted.
4,25,"['..\\videos\\source\\BridgeViewTraffic_LossLess.mp4', '.\\videos\\gray.mkv', '..\\videos\\duplicated\\30\\BridgeViewTraffic_30.mp4', '.\\videos\\gray.mkv', '..\\videos\\source\\BridgeViewTraffic_LossLess.mp4', '.\\videos\\gray.mkv', '..\\videos\\duplicated\\30\\BridgeViewTraffic_30.mp4']",No tracking data submitted.
4,26,"['..\\videos\\source\\BricksBushesStatic_LossLess.mp4', '.\\videos\\gray.mkv', '..\\videos\\duplicated\\30\\BricksBushesStatic_30.mp4', '.\\videos\\gray.mkv', '..\\videos\\source\\BricksBushesStatic_LossLess.mp4', '.\\videos\\gray.mkv', '..\\videos\\duplicated\\30\\BricksBushesStatic_30.mp4']",No tracking data submitted.
4,27,"['..\\videos\\source\\Bridge_LossLess.mp4', '.\\videos\\gray.mkv', '..\\videos\\duplicated\\30\\Bridge_30.mp4', '.\\videos\\gray.mkv', '..\\videos\\source\\Bridge_LossLess.mp4', '.\\videos\\gray.mkv', '..\\videos\\duplicated\\30\\Bridge_30.mp4']",No tracking data submitted.
4,28,"['..\\videos\\source\\BricksBushesStatic_LossLess.mp4', '.\\videos\\gray.mkv', '..\\videos\\SVP\\30\\BricksBushesStatic_30_svp_60.mp4', '.\\videos\\gray.mkv', '..\\videos\\source\\BricksBushesStatic_LossLess.mp4', '.\\videos\\gray.mkv', '..\\videos\\SVP\\30\\BricksBushesStatic_30_svp_60.mp4']",No tracking data submitted.
4,29,"['..\\videos\\source\\BoxerFace_LossLess.mp4', '.\\videos\\gray.mkv', '..\\videos\\SVP\\15\\BoxerFace_15_svp_60.mp4', '.\\videos\\gray.mkv', '..\\videos\\source\\BoxerFace_LossLess.mp4', '.\\videos\\gray.mkv', '..\\videos\\SVP\\15\\BoxerFace_15_svp_60.mp4']",No tracking data submitted.
5,0,"['..\\videos\\source\\CarpetSlowTrans_LossLess.mp4', '.\\videos\\gray.mkv', '..\\videos\\duplicated\\30\\CarpetSlowTrans_30.mp4', '.\\videos\\gray.mkv', '..\\videos\\source\\CarpetSlowTrans_LossLess.mp4', '.\\videos\\gray.mkv', '..\\videos\\duplicated\\30\\CarpetSlowTrans_30.mp4']",No tracking data submitted.
5,1,"['..\\videos\\source\\CarpetCircleFast_LossLess.mp4', '.\\videos\\gray.mkv', '..\\videos\\duplicated\\15\\CarpetCircleFast_15.mp4', '.\\videos\\gray.mkv', '..\\videos\\source\\CarpetCircleFast_LossLess.mp4', '.\\videos\\gray.mkv', '..\\videos\\duplicated\\15\\CarpetCircleFast_15.mp4']",No tracking data submitted.
5,2,"['..\\videos\\source\\CarpetCircleFast_LossLess.mp4', '.\\videos\\gray.mkv', '..\\videos\\SVP\\30\\CarpetCircleFast_30_svp_60.mp4', '.\\videos\\gray.mkv', '..\\videos\\source\\CarpetCircleFast_LossLess.mp4', '.\\videos\\gray.mkv', '..\\videos\\SVP\\30\\CarpetCircleFast_30_svp_60.mp4']",No tracking data submitted.
5,3,"['..\\videos\\source\\CarpetSlowTrans_LossLess.mp4', '.\\videos\\gray.mkv', '..\\videos\\duplicated\\15\\CarpetSlowTrans_15.mp4', '.\\videos\\gray.mkv', '..\\videos\\source\\CarpetSlowTrans_LossLess.mp4', '.\\videos\\gray.mkv', '..\\videos\\duplicated\\15\\CarpetSlowTrans_15.mp4']",No tracking data submitted.
5,4,"['..\\videos\\source\\BubblesClear_LossLess.mp4', '.\\videos\\gray.mkv', '..\\videos\\duplicated\\30\\BubblesClear_30.mp4', '.\\videos\\gray.mkv', '..\\videos\\source\\BubblesClear_LossLess.mp4', '.\\videos\\gray.mkv', '..\\videos\\duplicated\\30\\BubblesClear_30.mp4']",No tracking data submitted.
5,5,"['..\\videos\\source\\CarpetCircleFast_LossLess.mp4', '.\\videos\\gray.mkv', '..\\videos\\SVP\\15\\CarpetCircleFast_15_svp_60.mp4', '.\\videos\\gray.mkv', '..\\videos\\source\\CarpetCircleFast_LossLess.mp4', '.\\videos\\gray.mkv', '..\\videos\\SVP\\15\\CarpetCircleFast_15_svp_60.mp4']",No tracking data submitted.
5,6,"['..\\videos\\source\\CarpetCircleFast_LossLess.mp4', '.\\videos\\gray.mkv', '..\\videos\\RIFE\\15\\CarpetCircleFast_15_rife-ncnn-v23_60.mp4', '.\\videos\\gray.mkv', '..\\videos\\source\\CarpetCircleFast_LossLess.mp4', '.\\videos\\gray.mkv', '..\\videos\\RIFE\\15\\CarpetCircleFast_15_rife-ncnn-v23_60.mp4']",No tracking data submitted.
5,7,"['..\\videos\\source\\CalmingWater_LossLess.mp4', '.\\videos\\gray.mkv', '..\\videos\\duplicated\\30\\CalmingWater_30.mp4', '.\\videos\\gray.mkv', '..\\videos\\source\\CalmingWater_LossLess.mp4', '.\\videos\\gray.mkv', '..\\videos\\duplicated\\30\\CalmingWater_30.mp4']",No tracking data submitted.
5,8,"['..\\videos\\source\\CarpetCircleFast_LossLess.mp4', '.\\videos\\gray.mkv', '..\\videos\\RIFE\\30\\CarpetCircleFast_30_rife-ncnn-v23_60.mp4', '.\\videos\\gray.mkv', '..\\videos\\source\\CarpetCircleFast_LossLess.mp4', '.\\videos\\gray.mkv', '..\\videos\\RIFE\\30\\CarpetCircleFast_30_rife-ncnn-v23_60.mp4']",No tracking data submitted.
5,9,"['..\\videos\\source\\BubblesClear_LossLess.mp4', '.\\videos\\gray.mkv', '..\\videos\\SVP\\30\\BubblesClear_30_svp_60.mp4', '.\\videos\\gray.mkv', '..\\videos\\source\\BubblesClear_LossLess.mp4', '.\\videos\\gray.mkv', '..\\videos\\SVP\\30\\BubblesClear_30_svp_60.mp4']",No tracking data submitted.
5,10,"['..\\videos\\source\\BubblesClear_LossLess.mp4', '.\\videos\\gray.mkv', '..\\videos\\duplicated\\15\\BubblesClear_15.mp4', '.\\videos\\gray.mkv', '..\\videos\\source\\BubblesClear_LossLess.mp4', '.\\videos\\gray.mkv', '..\\videos\\duplicated\\15\\BubblesClear_15.mp4']",No tracking data submitted.
5,11,"['..\\videos\\source\\CarpetSlowTrans_LossLess.mp4', '.\\videos\\gray.mkv', '..\\videos\\RIFE\\30\\CarpetSlowTrans_30_rife-ncnn-v23_60.mp4', '.\\videos\\gray.mkv', '..\\videos\\source\\CarpetSlowTrans_LossLess.mp4', '.\\videos\\gray.mkv', '..\\videos\\RIFE\\30\\CarpetSlowTrans_30_rife-ncnn-v23_60.mp4']",No tracking data submitted.
5,12,"['..\\videos\\source\\CalmingWater_LossLess.mp4', '.\\videos\\gray.mkv', '..\\videos\\SVP\\15\\CalmingWater_15_svp_60.mp4', '.\\videos\\gray.mkv', '..\\videos\\source\\CalmingWater_LossLess.mp4', '.\\videos\\gray.mkv', '..\\videos\\SVP\\15\\CalmingWater_15_svp_60.mp4']",No tracking data submitted.
5,13,"['..\\videos\\source\\CarpetSlowTrans_LossLess.mp4', '.\\videos\\gray.mkv', '..\\videos\\SVP\\15\\CarpetSlowTrans_15_svp_60.mp4', '.\\videos\\gray.mkv', '..\\videos\\source\\CarpetSlowTrans_LossLess.mp4', '.\\videos\\gray.mkv', '..\\videos\\SVP\\15\\CarpetSlowTrans_15_svp_60.mp4']",No tracking data submitted.
5,14,"['..\\videos\\source\\CarpetPanAverage_LossLess.mp4', '.\\videos\\gray.mkv', '..\\videos\\SVP\\15\\CarpetPanAverage_15_svp_60.mp4', '.\\videos\\gray.mkv', '..\\videos\\source\\CarpetPanAverage_LossLess.mp4', '.\\videos\\gray.mkv', '..\\videos\\SVP\\15\\CarpetPanAverage_15_svp_60.mp4']",No tracking data submitted.
5,15,"['..\\videos\\source\\CarpetPanAverage_LossLess.mp4', '.\\videos\\gray.mkv', '..\\videos\\RIFE\\15\\CarpetPanAverage_15_rife-ncnn-v23_60.mp4', '.\\videos\\gray.mkv', '..\\videos\\source\\CarpetPanAverage_LossLess.mp4', '.\\videos\\gray.mkv', '..\\videos\\RIFE\\15\\CarpetPanAverage_15_rife-ncnn-v23_60.mp4']",No tracking data submitted.
5,16,"['..\\videos\\source\\CalmingWater_LossLess.mp4', '.\\videos\\gray.mkv', '..\\videos\\duplicated\\15\\CalmingWater_15.mp4', '.\\videos\\gray.mkv', '..\\videos\\source\\CalmingWater_LossLess.mp4', '.\\videos\\gray.mkv', '..\\videos\\duplicated\\15\\CalmingWater_15.mp4']",No tracking data submitted.
5,17,"['..\\videos\\source\\BubblesClear_LossLess.mp4', '.\\videos\\gray.mkv', '..\\videos\\RIFE\\30\\BubblesClear_30_rife-ncnn-v23_60.mp4', '.\\videos\\gray.mkv', '..\\videos\\source\\BubblesClear_LossLess.mp4', '.\\videos\\gray.mkv', '..\\videos\\RIFE\\30\\BubblesClear_30_rife-ncnn-v23_60.mp4']",No tracking data submitted.
5,18,"['..\\videos\\source\\CarpetSlowTrans_LossLess.mp4', '.\\videos\\gray.mkv', '..\\videos\\RIFE\\15\\CarpetSlowTrans_15_rife-ncnn-v23_60.mp4', '.\\videos\\gray.mkv', '..\\videos\\source\\CarpetSlowTrans_LossLess.mp4', '.\\videos\\gray.mkv', '..\\videos\\RIFE\\15\\CarpetSlowTrans_15_rife-ncnn-v23_60.mp4']",No tracking data submitted.
5,19,"['..\\videos\\source\\CarpetPanAverage_LossLess.mp4', '.\\videos\\gray.mkv', '..\\videos\\duplicated\\30\\CarpetPanAverage_30.mp4', '.\\videos\\gray.mkv', '..\\videos\\source\\CarpetPanAverage_LossLess.mp4', '.\\videos\\gray.mkv', '..\\videos\\duplicated\\30\\CarpetPanAverage_30.mp4']",No tracking data submitted.
5,20,"['..\\videos\\source\\CalmingWater_LossLess.mp4', '.\\videos\\gray.mkv', '..\\videos\\RIFE\\15\\CalmingWater_15_rife-ncnn-v23_60.mp4', '.\\videos\\gray.mkv', '..\\videos\\source\\CalmingWater_LossLess.mp4', '.\\videos\\gray.mkv', '..\\videos\\RIFE\\15\\CalmingWater_15_rife-ncnn-v23_60.mp4']",No tracking data submitted.
5,21,"['..\\videos\\source\\CalmingWater_LossLess.mp4', '.\\videos\\gray.mkv', '..\\videos\\SVP\\30\\CalmingWater_30_svp_60.mp4', '.\\videos\\gray.mkv', '..\\videos\\source\\CalmingWater_LossLess.mp4', '.\\videos\\gray.mkv', '..\\videos\\SVP\\30\\CalmingWater_30_svp_60.mp4']",No tracking data submitted.
5,22,"['..\\videos\\source\\CarpetCircleFast_LossLess.mp4', '.\\videos\\gray.mkv', '..\\videos\\duplicated\\30\\CarpetCircleFast_30.mp4', '.\\videos\\gray.mkv', '..\\videos\\source\\CarpetCircleFast_LossLess.mp4', '.\\videos\\gray.mkv', '..\\videos\\duplicated\\30\\CarpetCircleFast_30.mp4']",No tracking data submitted.
5,23,"['..\\videos\\source\\CarpetSlowTrans_LossLess.mp4', '.\\videos\\gray.mkv', '..\\videos\\SVP\\30\\CarpetSlowTrans_30_svp_60.mp4', '.\\videos\\gray.mkv', '..\\videos\\source\\CarpetSlowTrans_LossLess.mp4', '.\\videos\\gray.mkv', '..\\videos\\SVP\\30\\CarpetSlowTrans_30_svp_60.mp4']",No tracking data submitted.
5,24,"['..\\videos\\source\\CarpetPanAverage_LossLess.mp4', '.\\videos\\gray.mkv', '..\\videos\\duplicated\\15\\CarpetPanAverage_15.mp4', '.\\videos\\gray.mkv', '..\\videos\\source\\CarpetPanAverage_LossLess.mp4', '.\\videos\\gray.mkv', '..\\videos\\duplicated\\15\\CarpetPanAverage_15.mp4']",No tracking data submitted.
5,25,"['..\\videos\\source\\BubblesClear_LossLess.mp4', '.\\videos\\gray.mkv', '..\\videos\\SVP\\15\\BubblesClear_15_svp_60.mp4', '.\\videos\\gray.mkv', '..\\videos\\source\\BubblesClear_LossLess.mp4', '.\\videos\\gray.mkv', '..\\videos\\SVP\\15\\BubblesClear_15_svp_60.mp4']",No tracking data submitted.
5,26,"['..\\videos\\source\\CarpetPanAverage_LossLess.mp4', '.\\videos\\gray.mkv', '..\\videos\\SVP\\30\\CarpetPanAverage_30_svp_60.mp4', '.\\videos\\gray.mkv', '..\\videos\\source\\CarpetPanAverage_LossLess.mp4', '.\\videos\\gray.mkv', '..\\videos\\SVP\\30\\CarpetPanAverage_30_svp_60.mp4']",No tracking data submitted.
5,27,"['..\\videos\\source\\BubblesClear_LossLess.mp4', '.\\videos\\gray.mkv', '..\\videos\\RIFE\\15\\BubblesClear_15_rife-ncnn-v23_60.mp4', '.\\videos\\gray.mkv', '..\\videos\\source\\BubblesClear_LossLess.mp4', '.\\videos\\gray.mkv', '..\\videos\\RIFE\\15\\BubblesClear_15_rife-ncnn-v23_60.mp4']",No tracking data submitted.
5,28,"['..\\videos\\source\\CarpetPanAverage_LossLess.mp4', '.\\videos\\gray.mkv', '..\\videos\\RIFE\\30\\CarpetPanAverage_30_rife-ncnn-v23_60.mp4', '.\\videos\\gray.mkv', '..\\videos\\source\\CarpetPanAverage_LossLess.mp4', '.\\videos\\gray.mkv', '..\\videos\\RIFE\\30\\CarpetPanAverage_30_rife-ncnn-v23_60.mp4']",No tracking data submitted.
5,29,"['..\\videos\\source\\CalmingWater_LossLess.mp4', '.\\videos\\gray.mkv', '..\\videos\\RIFE\\30\\CalmingWater_30_rife-ncnn-v23_60.mp4', '.\\videos\\gray.mkv', '..\\videos\\source\\CalmingWater_LossLess.mp4', '.\\videos\\gray.mkv', '..\\videos\\RIFE\\30\\CalmingWater_30_rife-ncnn-v23_60.mp4']",No tracking data submitted.
6,0,"['..\\videos\\source\\console_LossLess.mp4', '.\\videos\\gray.mkv', '..\\videos\\SVP\\15\\console_15_svp_60.mp4', '.\\videos\\gray.mkv', '..\\videos\\source\\console_LossLess.mp4', '.\\videos\\gray.mkv', '..\\videos\\SVP\\15\\console_15_svp_60.mp4']",No tracking data submitted.
6,1,"['..\\videos\\source\\Dancers_LossLess.mp4', '.\\videos\\gray.mkv', '..\\videos\\RIFE\\30\\Dancers_30_rife-ncnn-v23_60.mp4', '.\\videos\\gray.mkv', '..\\videos\\source\\Dancers_LossLess.mp4', '.\\videos\\gray.mkv', '..\\videos\\RIFE\\30\\Dancers_30_rife-ncnn-v23_60.mp4']",No tracking data submitted.
6,2,"['..\\videos\\source\\Chevaux_LossLess.mp4', '.\\videos\\gray.mkv', '..\\videos\\duplicated\\15\\Chevaux_15.mp4', '.\\videos\\gray.mkv', '..\\videos\\source\\Chevaux_LossLess.mp4', '.\\videos\\gray.mkv', '..\\videos\\duplicated\\15\\Chevaux_15.mp4']",No tracking data submitted.
6,3,"['..\\videos\\source\\Dancers_LossLess.mp4', '.\\videos\\gray.mkv', '..\\videos\\SVP\\30\\Dancers_30_svp_60.mp4', '.\\videos\\gray.mkv', '..\\videos\\source\\Dancers_LossLess.mp4', '.\\videos\\gray.mkv', '..\\videos\\SVP\\30\\Dancers_30_svp_60.mp4']",No tracking data submitted.
6,4,"['..\\videos\\source\\Chapelle_LossLess.mp4', '.\\videos\\gray.mkv', '..\\videos\\SVP\\30\\Chapelle_30_svp_60.mp4', '.\\videos\\gray.mkv', '..\\videos\\source\\Chapelle_LossLess.mp4', '.\\videos\\gray.mkv', '..\\videos\\SVP\\30\\Chapelle_30_svp_60.mp4']",No tracking data submitted.
6,5,"['..\\videos\\source\\Dancer_LossLess.mp4', '.\\videos\\gray.mkv', '..\\videos\\duplicated\\15\\Dancer_15.mp4', '.\\videos\\gray.mkv', '..\\videos\\source\\Dancer_LossLess.mp4', '.\\videos\\gray.mkv', '..\\videos\\duplicated\\15\\Dancer_15.mp4']",No tracking data submitted.
6,6,"['..\\videos\\source\\Chapelle_LossLess.mp4', '.\\videos\\gray.mkv', '..\\videos\\SVP\\15\\Chapelle_15_svp_60.mp4', '.\\videos\\gray.mkv', '..\\videos\\source\\Chapelle_LossLess.mp4', '.\\videos\\gray.mkv', '..\\videos\\SVP\\15\\Chapelle_15_svp_60.mp4']",No tracking data submitted.
6,7,"['..\\videos\\source\\Dancer_LossLess.mp4', '.\\videos\\gray.mkv', '..\\videos\\SVP\\15\\Dancer_15_svp_60.mp4', '.\\videos\\gray.mkv', '..\\videos\\source\\Dancer_LossLess.mp4', '.\\videos\\gray.mkv', '..\\videos\\SVP\\15\\Dancer_15_svp_60.mp4']",No tracking data submitted.
6,8,"['..\\videos\\source\\Chevaux_LossLess.mp4', '.\\videos\\gray.mkv', '..\\videos\\RIFE\\30\\Chevaux_30_rife-ncnn-v23_60.mp4', '.\\videos\\gray.mkv', '..\\videos\\source\\Chevaux_LossLess.mp4', '.\\videos\\gray.mkv', '..\\videos\\RIFE\\30\\Chevaux_30_rife-ncnn-v23_60.mp4']",No tracking data submitted.
6,9,"['..\\videos\\source\\Chapelle_LossLess.mp4', '.\\videos\\gray.mkv', '..\\videos\\RIFE\\15\\Chapelle_15_rife-ncnn-v23_60.mp4', '.\\videos\\gray.mkv', '..\\videos\\source\\Chapelle_LossLess.mp4', '.\\videos\\gray.mkv', '..\\videos\\RIFE\\15\\Chapelle_15_rife-ncnn-v23_60.mp4']",No tracking data submitted.
6,10,"['..\\videos\\source\\console_LossLess.mp4', '.\\videos\\gray.mkv', '..\\videos\\SVP\\30\\console_30_svp_60.mp4', '.\\videos\\gray.mkv', '..\\videos\\source\\console_LossLess.mp4', '.\\videos\\gray.mkv', '..\\videos\\SVP\\30\\console_30_svp_60.mp4']",No tracking data submitted.
6,11,"['..\\videos\\source\\Dancers_LossLess.mp4', '.\\videos\\gray.mkv', '..\\videos\\SVP\\15\\Dancers_15_svp_60.mp4', '.\\videos\\gray.mkv', '..\\videos\\source\\Dancers_LossLess.mp4', '.\\videos\\gray.mkv', '..\\videos\\SVP\\15\\Dancers_15_svp_60.mp4']",No tracking data submitted.
6,12,"['..\\videos\\source\\console_LossLess.mp4', '.\\videos\\gray.mkv', '..\\videos\\duplicated\\30\\console_30.mp4', '.\\videos\\gray.mkv', '..\\videos\\source\\console_LossLess.mp4', '.\\videos\\gray.mkv', '..\\videos\\duplicated\\30\\console_30.mp4']",No tracking data submitted.
6,13,"['..\\videos\\source\\console_LossLess.mp4', '.\\videos\\gray.mkv', '..\\videos\\duplicated\\15\\console_15.mp4', '.\\videos\\gray.mkv', '..\\videos\\source\\console_LossLess.mp4', '.\\videos\\gray.mkv', '..\\videos\\duplicated\\15\\console_15.mp4']",No tracking data submitted.
6,14,"['..\\videos\\source\\Dancers_LossLess.mp4', '.\\videos\\gray.mkv', '..\\videos\\RIFE\\15\\Dancers_15_rife-ncnn-v23_60.mp4', '.\\videos\\gray.mkv', '..\\videos\\source\\Dancers_LossLess.mp4', '.\\videos\\gray.mkv', '..\\videos\\RIFE\\15\\Dancers_15_rife-ncnn-v23_60.mp4']",No tracking data submitted.
6,15,"['..\\videos\\source\\Chapelle_LossLess.mp4', '.\\videos\\gray.mkv', '..\\videos\\RIFE\\30\\Chapelle_30_rife-ncnn-v23_60.mp4', '.\\videos\\gray.mkv', '..\\videos\\source\\Chapelle_LossLess.mp4', '.\\videos\\gray.mkv', '..\\videos\\RIFE\\30\\Chapelle_30_rife-ncnn-v23_60.mp4']",No tracking data submitted.
6,16,"['..\\videos\\source\\Chevaux_LossLess.mp4', '.\\videos\\gray.mkv', '..\\videos\\RIFE\\15\\Chevaux_15_rife-ncnn-v23_60.mp4', '.\\videos\\gray.mkv', '..\\videos\\source\\Chevaux_LossLess.mp4', '.\\videos\\gray.mkv', '..\\videos\\RIFE\\15\\Chevaux_15_rife-ncnn-v23_60.mp4']",No tracking data submitted.
6,17,"['..\\videos\\source\\Chevaux_LossLess.mp4', '.\\videos\\gray.mkv', '..\\videos\\SVP\\30\\Chevaux_30_svp_60.mp4', '.\\videos\\gray.mkv', '..\\videos\\source\\Chevaux_LossLess.mp4', '.\\videos\\gray.mkv', '..\\videos\\SVP\\30\\Chevaux_30_svp_60.mp4']",No tracking data submitted.
6,18,"['..\\videos\\source\\Dancer_LossLess.mp4', '.\\videos\\gray.mkv', '..\\videos\\RIFE\\30\\Dancer_30_rife-ncnn-v23_60.mp4', '.\\videos\\gray.mkv', '..\\videos\\source\\Dancer_LossLess.mp4', '.\\videos\\gray.mkv', '..\\videos\\RIFE\\30\\Dancer_30_rife-ncnn-v23_60.mp4']",No tracking data submitted.
6,19,"['..\\videos\\source\\Chapelle_LossLess.mp4', '.\\videos\\gray.mkv', '..\\videos\\duplicated\\30\\Chapelle_30.mp4', '.\\videos\\gray.mkv', '..\\videos\\source\\Chapelle_LossLess.mp4', '.\\videos\\gray.mkv', '..\\videos\\duplicated\\30\\Chapelle_30.mp4']",No tracking data submitted.
6,20,"['..\\videos\\source\\Chevaux_LossLess.mp4', '.\\videos\\gray.mkv', '..\\videos\\SVP\\15\\Chevaux_15_svp_60.mp4', '.\\videos\\gray.mkv', '..\\videos\\source\\Chevaux_LossLess.mp4', '.\\videos\\gray.mkv', '..\\videos\\SVP\\15\\Chevaux_15_svp_60.mp4']",No tracking data submitted.
6,21,"['..\\videos\\source\\Dancers_LossLess.mp4', '.\\videos\\gray.mkv', '..\\videos\\duplicated\\30\\Dancers_30.mp4', '.\\videos\\gray.mkv', '..\\videos\\source\\Dancers_LossLess.mp4', '.\\videos\\gray.mkv', '..\\videos\\duplicated\\30\\Dancers_30.mp4']",No tracking data submitted.
6,22,"['..\\videos\\source\\Chapelle_LossLess.mp4', '.\\videos\\gray.mkv', '..\\videos\\duplicated\\15\\Chapelle_15.mp4', '.\\videos\\gray.mkv', '..\\videos\\source\\Chapelle_LossLess.mp4', '.\\videos\\gray.mkv', '..\\videos\\duplicated\\15\\Chapelle_15.mp4']",No tracking data submitted.
6,23,"['..\\videos\\source\\console_LossLess.mp4', '.\\videos\\gray.mkv', '..\\videos\\RIFE\\30\\console_30_rife-ncnn-v23_60.mp4', '.\\videos\\gray.mkv', '..\\videos\\source\\console_LossLess.mp4', '.\\videos\\gray.mkv', '..\\videos\\RIFE\\30\\console_30_rife-ncnn-v23_60.mp4']",No tracking data submitted.
6,24,"['..\\videos\\source\\Dancer_LossLess.mp4', '.\\videos\\gray.mkv', '..\\videos\\SVP\\30\\Dancer_30_svp_60.mp4', '.\\videos\\gray.mkv', '..\\videos\\source\\Dancer_LossLess.mp4', '.\\videos\\gray.mkv', '..\\videos\\SVP\\30\\Dancer_30_svp_60.mp4']",No tracking data submitted.
6,25,"['..\\videos\\source\\console_LossLess.mp4', '.\\videos\\gray.mkv', '..\\videos\\RIFE\\15\\console_15_rife-ncnn-v23_60.mp4', '.\\videos\\gray.mkv', '..\\videos\\source\\console_LossLess.mp4', '.\\videos\\gray.mkv', '..\\videos\\RIFE\\15\\console_15_rife-ncnn-v23_60.mp4']",No tracking data submitted.
6,26,"['..\\videos\\source\\Dancer_LossLess.mp4', '.\\videos\\gray.mkv', '..\\videos\\RIFE\\15\\Dancer_15_rife-ncnn-v23_60.mp4', '.\\videos\\gray.mkv', '..\\videos\\source\\Dancer_LossLess.mp4', '.\\videos\\gray.mkv', '..\\videos\\RIFE\\15\\Dancer_15_rife-ncnn-v23_60.mp4']",No tracking data submitted.
6,27,"['..\\videos\\source\\Dancers_LossLess.mp4', '.\\videos\\gray.mkv', '..\\videos\\duplicated\\15\\Dancers_15.mp4', '.\\videos\\gray.mkv', '..\\videos\\source\\Dancers_LossLess.mp4', '.\\videos\\gray.mkv', '..\\videos\\duplicated\\15\\Dancers_15.mp4']",No tracking data submitted.
6,28,"['..\\videos\\source\\Dancer_LossLess.mp4', '.\\videos\\gray.mkv', '..\\videos\\duplicated\\30\\Dancer_30.mp4', '.\\videos\\gray.mkv', '..\\videos\\source\\Dancer_LossLess.mp4', '.\\videos\\gray.mkv', '..\\videos\\duplicated\\30\\Dancer_30.mp4']",No tracking data submitted.
6,29,"['..\\videos\\source\\Chevaux_LossLess.mp4', '.\\videos\\gray.mkv', '..\\videos\\duplicated\\30\\Chevaux_30.mp4', '.\\videos\\gray.mkv', '..\\videos\\source\\Chevaux_LossLess.mp4', '.\\videos\\gray.mkv', '..\\videos\\duplicated\\30\\Chevaux_30.mp4']",No tracking data submitted.
7,0,"['..\\videos\\source\\DinnerScene_LossLess.mp4', '.\\videos\\gray.mkv', '..\\videos\\SVP\\30\\DinnerScene_30_svp_60.mp4', '.\\videos\\gray.mkv', '..\\videos\\source\\DinnerScene_LossLess.mp4', '.\\videos\\gray.mkv', '..\\videos\\SVP\\30\\DinnerScene_30_svp_60.mp4']",No tracking data submitted.
7,1,"['..\\videos\\source\\DemoMonkeySnow_LossLess.mp4', '.\\videos\\gray.mkv', '..\\videos\\SVP\\15\\DemoMonkeySnow_15_svp_60.mp4', '.\\videos\\gray.mkv', '..\\videos\\source\\DemoMonkeySnow_LossLess.mp4', '.\\videos\\gray.mkv', '..\\videos\\SVP\\15\\DemoMonkeySnow_15_svp_60.mp4']",No tracking data submitted.
7,2,"['..\\videos\\source\\desktop_LossLess.mp4', '.\\videos\\gray.mkv', '..\\videos\\RIFE\\15\\desktop_15_rife-ncnn-v23_60.mp4', '.\\videos\\gray.mkv', '..\\videos\\source\\desktop_LossLess.mp4', '.\\videos\\gray.mkv', '..\\videos\\RIFE\\15\\desktop_15_rife-ncnn-v23_60.mp4']",No tracking data submitted.
7,3,"['..\\videos\\source\\DemoTiger_LossLess.mp4', '.\\videos\\gray.mkv', '..\\videos\\RIFE\\30\\DemoTiger_30_rife-ncnn-v23_60.mp4', '.\\videos\\gray.mkv', '..\\videos\\source\\DemoTiger_LossLess.mp4', '.\\videos\\gray.mkv', '..\\videos\\RIFE\\30\\DemoTiger_30_rife-ncnn-v23_60.mp4']",No tracking data submitted.
7,4,"['..\\videos\\source\\desktop_LossLess.mp4', '.\\videos\\gray.mkv', '..\\videos\\duplicated\\30\\desktop_30.mp4', '.\\videos\\gray.mkv', '..\\videos\\source\\desktop_LossLess.mp4', '.\\videos\\gray.mkv', '..\\videos\\duplicated\\30\\desktop_30.mp4']",No tracking data submitted.
7,5,"['..\\videos\\source\\DemoMonkeySnow_LossLess.mp4', '.\\videos\\gray.mkv', '..\\videos\\duplicated\\30\\DemoMonkeySnow_30.mp4', '.\\videos\\gray.mkv', '..\\videos\\source\\DemoMonkeySnow_LossLess.mp4', '.\\videos\\gray.mkv', '..\\videos\\duplicated\\30\\DemoMonkeySnow_30.mp4']",No tracking data submitted.
7,6,"['..\\videos\\source\\DemoMonkeySnow_LossLess.mp4', '.\\videos\\gray.mkv', '..\\videos\\duplicated\\15\\DemoMonkeySnow_15.mp4', '.\\videos\\gray.mkv', '..\\videos\\source\\DemoMonkeySnow_LossLess.mp4', '.\\videos\\gray.mkv', '..\\videos\\duplicated\\15\\DemoMonkeySnow_15.mp4']",No tracking data submitted.
7,7,"['..\\videos\\source\\DemoTiger_LossLess.mp4', '.\\videos\\gray.mkv', '..\\videos\\SVP\\30\\DemoTiger_30_svp_60.mp4', '.\\videos\\gray.mkv', '..\\videos\\source\\DemoTiger_LossLess.mp4', '.\\videos\\gray.mkv', '..\\videos\\SVP\\30\\DemoTiger_30_svp_60.mp4']",No tracking data submitted.
7,8,"['..\\videos\\source\\DemoTiger_LossLess.mp4', '.\\videos\\gray.mkv', '..\\videos\\duplicated\\30\\DemoTiger_30.mp4', '.\\videos\\gray.mkv', '..\\videos\\source\\DemoTiger_LossLess.mp4', '.\\videos\\gray.mkv', '..\\videos\\duplicated\\30\\DemoTiger_30.mp4']",No tracking data submitted.
7,9,"['..\\videos\\source\\DemoOwl_LossLess.mp4', '.\\videos\\gray.mkv', '..\\videos\\RIFE\\15\\DemoOwl_15_rife-ncnn-v23_60.mp4', '.\\videos\\gray.mkv', '..\\videos\\source\\DemoOwl_LossLess.mp4', '.\\videos\\gray.mkv', '..\\videos\\RIFE\\15\\DemoOwl_15_rife-ncnn-v23_60.mp4']",No tracking data submitted.
7,10,"['..\\videos\\source\\DemoMonkeySnow_LossLess.mp4', '.\\videos\\gray.mkv', '..\\videos\\RIFE\\30\\DemoMonkeySnow_30_rife-ncnn-v23_60.mp4', '.\\videos\\gray.mkv', '..\\videos\\source\\DemoMonkeySnow_LossLess.mp4', '.\\videos\\gray.mkv', '..\\videos\\RIFE\\30\\DemoMonkeySnow_30_rife-ncnn-v23_60.mp4']",No tracking data submitted.
7,11,"['..\\videos\\source\\DemoTiger_LossLess.mp4', '.\\videos\\gray.mkv', '..\\videos\\duplicated\\15\\DemoTiger_15.mp4', '.\\videos\\gray.mkv', '..\\videos\\source\\DemoTiger_LossLess.mp4', '.\\videos\\gray.mkv', '..\\videos\\duplicated\\15\\DemoTiger_15.mp4']",No tracking data submitted.
7,12,"['..\\videos\\source\\DinnerScene_LossLess.mp4', '.\\videos\\gray.mkv', '..\\videos\\SVP\\15\\DinnerScene_15_svp_60.mp4', '.\\videos\\gray.mkv', '..\\videos\\source\\DinnerScene_LossLess.mp4', '.\\videos\\gray.mkv', '..\\videos\\SVP\\15\\DinnerScene_15_svp_60.mp4']",No tracking data submitted.
7,13,"['..\\videos\\source\\DemoOwl_LossLess.mp4', '.\\videos\\gray.mkv', '..\\videos\\duplicated\\15\\DemoOwl_15.mp4', '.\\videos\\gray.mkv', '..\\videos\\source\\DemoOwl_LossLess.mp4', '.\\videos\\gray.mkv', '..\\videos\\duplicated\\15\\DemoOwl_15.mp4']",No tracking data submitted.
7,14,"['..\\videos\\source\\DinnerScene_LossLess.mp4', '.\\videos\\gray.mkv', '..\\videos\\duplicated\\30\\DinnerScene_30.mp4', '.\\videos\\gray.mkv', '..\\videos\\source\\DinnerScene_LossLess.mp4', '.\\videos\\gray.mkv', '..\\videos\\duplicated\\30\\DinnerScene_30.mp4']",No tracking data submitted.
7,15,"['..\\videos\\source\\DemoMonkeySnow_LossLess.mp4', '.\\videos\\gray.mkv', '..\\videos\\SVP\\30\\DemoMonkeySnow_30_svp_60.mp4', '.\\videos\\gray.mkv', '..\\videos\\source\\DemoMonkeySnow_LossLess.mp4', '.\\videos\\gray.mkv', '..\\videos\\SVP\\30\\DemoMonkeySnow_30_svp_60.mp4']",No tracking data submitted.
7,16,"['..\\videos\\source\\DemoOwl_LossLess.mp4', '.\\videos\\gray.mkv', '..\\videos\\SVP\\30\\DemoOwl_30_svp_60.mp4', '.\\videos\\gray.mkv', '..\\videos\\source\\DemoOwl_LossLess.mp4', '.\\videos\\gray.mkv', '..\\videos\\SVP\\30\\DemoOwl_30_svp_60.mp4']",No tracking data submitted.
7,17,"['..\\videos\\source\\DemoTiger_LossLess.mp4', '.\\videos\\gray.mkv', '..\\videos\\RIFE\\15\\DemoTiger_15_rife-ncnn-v23_60.mp4', '.\\videos\\gray.mkv', '..\\videos\\source\\DemoTiger_LossLess.mp4', '.\\videos\\gray.mkv', '..\\videos\\RIFE\\15\\DemoTiger_15_rife-ncnn-v23_60.mp4']",No tracking data submitted.
7,18,"['..\\videos\\source\\desktop_LossLess.mp4', '.\\videos\\gray.mkv', '..\\videos\\SVP\\15\\desktop_15_svp_60.mp4', '.\\videos\\gray.mkv', '..\\videos\\source\\desktop_LossLess.mp4', '.\\videos\\gray.mkv', '..\\videos\\SVP\\15\\desktop_15_svp_60.mp4']",No tracking data submitted.
7,19,"['..\\videos\\source\\DemoOwl_LossLess.mp4', '.\\videos\\gray.mkv', '..\\videos\\duplicated\\30\\DemoOwl_30.mp4', '.\\videos\\gray.mkv', '..\\videos\\source\\DemoOwl_LossLess.mp4', '.\\videos\\gray.mkv', '..\\videos\\duplicated\\30\\DemoOwl_30.mp4']",No tracking data submitted.
7,20,"['..\\videos\\source\\DinnerScene_LossLess.mp4', '.\\videos\\gray.mkv', '..\\videos\\RIFE\\30\\DinnerScene_30_rife-ncnn-v23_60.mp4', '.\\videos\\gray.mkv', '..\\videos\\source\\DinnerScene_LossLess.mp4', '.\\videos\\gray.mkv', '..\\videos\\RIFE\\30\\DinnerScene_30_rife-ncnn-v23_60.mp4']",No tracking data submitted.
7,21,"['..\\videos\\source\\DemoTiger_LossLess.mp4', '.\\videos\\gray.mkv', '..\\videos\\SVP\\15\\DemoTiger_15_svp_60.mp4', '.\\videos\\gray.mkv', '..\\videos\\source\\DemoTiger_LossLess.mp4', '.\\videos\\gray.mkv', '..\\videos\\SVP\\15\\DemoTiger_15_svp_60.mp4']",No tracking data submitted.
7,22,"['..\\videos\\source\\desktop_LossLess.mp4', '.\\videos\\gray.mkv', '..\\videos\\duplicated\\15\\desktop_15.mp4', '.\\videos\\gray.mkv', '..\\videos\\source\\desktop_LossLess.mp4', '.\\videos\\gray.mkv', '..\\videos\\duplicated\\15\\desktop_15.mp4']",No tracking data submitted.
7,23,"['..\\videos\\source\\DemoOwl_LossLess.mp4', '.\\videos\\gray.mkv', '..\\videos\\SVP\\15\\DemoOwl_15_svp_60.mp4', '.\\videos\\gray.mkv', '..\\videos\\source\\DemoOwl_LossLess.mp4', '.\\videos\\gray.mkv', '..\\videos\\SVP\\15\\DemoOwl_15_svp_60.mp4']",No tracking data submitted.
7,24,"['..\\videos\\source\\DemoOwl_LossLess.mp4', '.\\videos\\gray.mkv', '..\\videos\\RIFE\\30\\DemoOwl_30_rife-ncnn-v23_60.mp4', '.\\videos\\gray.mkv', '..\\videos\\source\\DemoOwl_LossLess.mp4', '.\\videos\\gray.mkv', '..\\videos\\RIFE\\30\\DemoOwl_30_rife-ncnn-v23_60.mp4']",No tracking data submitted.
7,25,"['..\\videos\\source\\DinnerScene_LossLess.mp4', '.\\videos\\gray.mkv', '..\\videos\\duplicated\\15\\DinnerScene_15.mp4', '.\\videos\\gray.mkv', '..\\videos\\source\\DinnerScene_LossLess.mp4', '.\\videos\\gray.mkv', '..\\videos\\duplicated\\15\\DinnerScene_15.mp4']",No tracking data submitted.
7,26,"['..\\videos\\source\\desktop_LossLess.mp4', '.\\videos\\gray.mkv', '..\\videos\\RIFE\\30\\desktop_30_rife-ncnn-v23_60.mp4', '.\\videos\\gray.mkv', '..\\videos\\source\\desktop_LossLess.mp4', '.\\videos\\gray.mkv', '..\\videos\\RIFE\\30\\desktop_30_rife-ncnn-v23_60.mp4']",No tracking data submitted.
7,27,"['..\\videos\\source\\desktop_LossLess.mp4', '.\\videos\\gray.mkv', '..\\videos\\SVP\\30\\desktop_30_svp_60.mp4', '.\\videos\\gray.mkv', '..\\videos\\source\\desktop_LossLess.mp4', '.\\videos\\gray.mkv', '..\\videos\\SVP\\30\\desktop_30_svp_60.mp4']",No tracking data submitted.
7,28,"['..\\videos\\source\\DinnerScene_LossLess.mp4', '.\\videos\\gray.mkv', '..\\videos\\RIFE\\15\\DinnerScene_15_rife-ncnn-v23_60.mp4', '.\\videos\\gray.mkv', '..\\videos\\source\\DinnerScene_LossLess.mp4', '.\\videos\\gray.mkv', '..\\videos\\RIFE\\15\\DinnerScene_15_rife-ncnn-v23_60.mp4']",No tracking data submitted.
7,29,"['..\\videos\\source\\DemoMonkeySnow_LossLess.mp4', '.\\videos\\gray.mkv', '..\\videos\\RIFE\\15\\DemoMonkeySnow_15_rife-ncnn-v23_60.mp4', '.\\videos\\gray.mkv', '..\\videos\\source\\DemoMonkeySnow_LossLess.mp4', '.\\videos\\gray.mkv', '..\\videos\\RIFE\\15\\DemoMonkeySnow_15_rife-ncnn-v23_60.mp4']",No tracking data submitted.
8,0,"['..\\videos\\source\\DropsOnWater_LossLess.mp4', '.\\videos\\gray.mkv', '..\\videos\\SVP\\30\\DropsOnWater_30_svp_60.mp4', '.\\videos\\gray.mkv', '..\\videos\\source\\DropsOnWater_LossLess.mp4', '.\\videos\\gray.mkv', '..\\videos\\SVP\\30\\DropsOnWater_30_svp_60.mp4']",No tracking data submitted.
8,1,"['..\\videos\\source\\DrivingPOV_LossLess.mp4', '.\\videos\\gray.mkv', '..\\videos\\duplicated\\15\\DrivingPOV_15.mp4', '.\\videos\\gray.mkv', '..\\videos\\source\\DrivingPOV_LossLess.mp4', '.\\videos\\gray.mkv', '..\\videos\\duplicated\\15\\DrivingPOV_15.mp4']",No tracking data submitted.
8,2,"['..\\videos\\source\\Galop_LossLess.mp4', '.\\videos\\gray.mkv', '..\\videos\\duplicated\\30\\Galop_30.mp4', '.\\videos\\gray.mkv', '..\\videos\\source\\Galop_LossLess.mp4', '.\\videos\\gray.mkv', '..\\videos\\duplicated\\30\\Galop_30.mp4']",No tracking data submitted.
8,3,"['..\\videos\\source\\Galop_LossLess.mp4', '.\\videos\\gray.mkv', '..\\videos\\RIFE\\30\\Galop_30_rife-ncnn-v23_60.mp4', '.\\videos\\gray.mkv', '..\\videos\\source\\Galop_LossLess.mp4', '.\\videos\\gray.mkv', '..\\videos\\RIFE\\30\\Galop_30_rife-ncnn-v23_60.mp4']",No tracking data submitted.
8,4,"['..\\videos\\source\\flyingGraphics_LossLess.mp4', '.\\videos\\gray.mkv', '..\\videos\\SVP\\30\\flyingGraphics_30_svp_60.mp4', '.\\videos\\gray.mkv', '..\\videos\\source\\flyingGraphics_LossLess.mp4', '.\\videos\\gray.mkv', '..\\videos\\SVP\\30\\flyingGraphics_30_svp_60.mp4']",No tracking data submitted.
8,5,"['..\\videos\\source\\Flowers2_LossLess.mp4', '.\\videos\\gray.mkv', '..\\videos\\RIFE\\15\\Flowers2_15_rife-ncnn-v23_60.mp4', '.\\videos\\gray.mkv', '..\\videos\\source\\Flowers2_LossLess.mp4', '.\\videos\\gray.mkv', '..\\videos\\RIFE\\15\\Flowers2_15_rife-ncnn-v23_60.mp4']",No tracking data submitted.
8,6,"['..\\videos\\source\\Flowers2_LossLess.mp4', '.\\videos\\gray.mkv', '..\\videos\\duplicated\\15\\Flowers2_15.mp4', '.\\videos\\gray.mkv', '..\\videos\\source\\Flowers2_LossLess.mp4', '.\\videos\\gray.mkv', '..\\videos\\duplicated\\15\\Flowers2_15.mp4']",No tracking data submitted.
8,7,"['..\\videos\\source\\Flowers2_LossLess.mp4', '.\\videos\\gray.mkv', '..\\videos\\RIFE\\30\\Flowers2_30_rife-ncnn-v23_60.mp4', '.\\videos\\gray.mkv', '..\\videos\\source\\Flowers2_LossLess.mp4', '.\\videos\\gray.mkv', '..\\videos\\RIFE\\30\\Flowers2_30_rife-ncnn-v23_60.mp4']",No tracking data submitted.
8,8,"['..\\videos\\source\\Flowers2_LossLess.mp4', '.\\videos\\gray.mkv', '..\\videos\\SVP\\15\\Flowers2_15_svp_60.mp4', '.\\videos\\gray.mkv', '..\\videos\\source\\Flowers2_LossLess.mp4', '.\\videos\\gray.mkv', '..\\videos\\SVP\\15\\Flowers2_15_svp_60.mp4']",No tracking data submitted.
8,9,"['..\\videos\\source\\Galop_LossLess.mp4', '.\\videos\\gray.mkv', '..\\videos\\SVP\\30\\Galop_30_svp_60.mp4', '.\\videos\\gray.mkv', '..\\videos\\source\\Galop_LossLess.mp4', '.\\videos\\gray.mkv', '..\\videos\\SVP\\30\\Galop_30_svp_60.mp4']",No tracking data submitted.
8,10,"['..\\videos\\source\\Galop_LossLess.mp4', '.\\videos\\gray.mkv', '..\\videos\\duplicated\\15\\Galop_15.mp4', '.\\videos\\gray.mkv', '..\\videos\\source\\Galop_LossLess.mp4', '.\\videos\\gray.mkv', '..\\videos\\duplicated\\15\\Galop_15.mp4']",No tracking data submitted.
8,11,"['..\\videos\\source\\DrivingPOV_LossLess.mp4', '.\\videos\\gray.mkv', '..\\videos\\SVP\\30\\DrivingPOV_30_svp_60.mp4', '.\\videos\\gray.mkv', '..\\videos\\source\\DrivingPOV_LossLess.mp4', '.\\videos\\gray.mkv', '..\\videos\\SVP\\30\\DrivingPOV_30_svp_60.mp4']",No tracking data submitted.
8,12,"['..\\videos\\source\\flyingGraphics_LossLess.mp4', '.\\videos\\gray.mkv', '..\\videos\\SVP\\15\\flyingGraphics_15_svp_60.mp4', '.\\videos\\gray.mkv', '..\\videos\\source\\flyingGraphics_LossLess.mp4', '.\\videos\\gray.mkv', '..\\videos\\SVP\\15\\flyingGraphics_15_svp_60.mp4']",No tracking data submitted.
8,13,"['..\\videos\\source\\flyingGraphics_LossLess.mp4', '.\\videos\\gray.mkv', '..\\videos\\RIFE\\15\\flyingGraphics_15_rife-ncnn-v23_60.mp4', '.\\videos\\gray.mkv', '..\\videos\\source\\flyingGraphics_LossLess.mp4', '.\\videos\\gray.mkv', '..\\videos\\RIFE\\15\\flyingGraphics_15_rife-ncnn-v23_60.mp4']",No tracking data submitted.
8,14,"['..\\videos\\source\\DropsOnWater_LossLess.mp4', '.\\videos\\gray.mkv', '..\\videos\\duplicated\\30\\DropsOnWater_30.mp4', '.\\videos\\gray.mkv', '..\\videos\\source\\DropsOnWater_LossLess.mp4', '.\\videos\\gray.mkv', '..\\videos\\duplicated\\30\\DropsOnWater_30.mp4']",No tracking data submitted.
8,15,"['..\\videos\\source\\flyingGraphics_LossLess.mp4', '.\\videos\\gray.mkv', '..\\videos\\duplicated\\30\\flyingGraphics_30.mp4', '.\\videos\\gray.mkv', '..\\videos\\source\\flyingGraphics_LossLess.mp4', '.\\videos\\gray.mkv', '..\\videos\\duplicated\\30\\flyingGraphics_30.mp4']",No tracking data submitted.
8,16,"['..\\videos\\source\\Galop_LossLess.mp4', '.\\videos\\gray.mkv', '..\\videos\\SVP\\15\\Galop_15_svp_60.mp4', '.\\videos\\gray.mkv', '..\\videos\\source\\Galop_LossLess.mp4', '.\\videos\\gray.mkv', '..\\videos\\SVP\\15\\Galop_15_svp_60.mp4']",No tracking data submitted.
8,17,"['..\\videos\\source\\flyingGraphics_LossLess.mp4', '.\\videos\\gray.mkv', '..\\videos\\duplicated\\15\\flyingGraphics_15.mp4', '.\\videos\\gray.mkv', '..\\videos\\source\\flyingGraphics_LossLess.mp4', '.\\videos\\gray.mkv', '..\\videos\\duplicated\\15\\flyingGraphics_15.mp4']",No tracking data submitted.
8,18,"['..\\videos\\source\\DropsOnWater_LossLess.mp4', '.\\videos\\gray.mkv', '..\\videos\\duplicated\\15\\DropsOnWater_15.mp4', '.\\videos\\gray.mkv', '..\\videos\\source\\DropsOnWater_LossLess.mp4', '.\\videos\\gray.mkv', '..\\videos\\duplicated\\15\\DropsOnWater_15.mp4']",No tracking data submitted.
8,19,"['..\\videos\\source\\DropsOnWater_LossLess.mp4', '.\\videos\\gray.mkv', '..\\videos\\RIFE\\15\\DropsOnWater_15_rife-ncnn-v23_60.mp4', '.\\videos\\gray.mkv', '..\\videos\\source\\DropsOnWater_LossLess.mp4', '.\\videos\\gray.mkv', '..\\videos\\RIFE\\15\\DropsOnWater_15_rife-ncnn-v23_60.mp4']",No tracking data submitted.
8,20,"['..\\videos\\source\\Galop_LossLess.mp4', '.\\videos\\gray.mkv', '..\\videos\\RIFE\\15\\Galop_15_rife-ncnn-v23_60.mp4', '.\\videos\\gray.mkv', '..\\videos\\source\\Galop_LossLess.mp4', '.\\videos\\gray.mkv', '..\\videos\\RIFE\\15\\Galop_15_rife-ncnn-v23_60.mp4']",No tracking data submitted.
8,21,"['..\\videos\\source\\DropsOnWater_LossLess.mp4', '.\\videos\\gray.mkv', '..\\videos\\RIFE\\30\\DropsOnWater_30_rife-ncnn-v23_60.mp4', '.\\videos\\gray.mkv', '..\\videos\\source\\DropsOnWater_LossLess.mp4', '.\\videos\\gray.mkv', '..\\videos\\RIFE\\30\\DropsOnWater_30_rife-ncnn-v23_60.mp4']",No tracking data submitted.
8,22,"['..\\videos\\source\\Flowers2_LossLess.mp4', '.\\videos\\gray.mkv', '..\\videos\\duplicated\\30\\Flowers2_30.mp4', '.\\videos\\gray.mkv', '..\\videos\\source\\Flowers2_LossLess.mp4', '.\\videos\\gray.mkv', '..\\videos\\duplicated\\30\\Flowers2_30.mp4']",No tracking data submitted.
8,23,"['..\\videos\\source\\DrivingPOV_LossLess.mp4', '.\\videos\\gray.mkv', '..\\videos\\RIFE\\15\\DrivingPOV_15_rife-ncnn-v23_60.mp4', '.\\videos\\gray.mkv', '..\\videos\\source\\DrivingPOV_LossLess.mp4', '.\\videos\\gray.mkv', '..\\videos\\RIFE\\15\\DrivingPOV_15_rife-ncnn-v23_60.mp4']",No tracking data submitted.
8,24,"['..\\videos\\source\\Flowers2_LossLess.mp4', '.\\videos\\gray.mkv', '..\\videos\\SVP\\30\\Flowers2_30_svp_60.mp4', '.\\videos\\gray.mkv', '..\\videos\\source\\Flowers2_LossLess.mp4', '.\\videos\\gray.mkv', '..\\videos\\SVP\\30\\Flowers2_30_svp_60.mp4']",No tracking data submitted.
8,25,"['..\\videos\\source\\flyingGraphics_LossLess.mp4', '.\\videos\\gray.mkv', '..\\videos\\RIFE\\30\\flyingGraphics_30_rife-ncnn-v23_60.mp4', '.\\videos\\gray.mkv', '..\\videos\\source\\flyingGraphics_LossLess.mp4', '.\\videos\\gray.mkv', '..\\videos\\RIFE\\30\\flyingGraphics_30_rife-ncnn-v23_60.mp4']",No tracking data submitted.
8,26,"['..\\videos\\source\\DrivingPOV_LossLess.mp4', '.\\videos\\gray.mkv', '..\\videos\\duplicated\\30\\DrivingPOV_30.mp4', '.\\videos\\gray.mkv', '..\\videos\\source\\DrivingPOV_LossLess.mp4', '.\\videos\\gray.mkv', '..\\videos\\duplicated\\30\\DrivingPOV_30.mp4']",No tracking data submitted.
8,27,"['..\\videos\\source\\DrivingPOV_LossLess.mp4', '.\\videos\\gray.mkv', '..\\videos\\RIFE\\30\\DrivingPOV_30_rife-ncnn-v23_60.mp4', '.\\videos\\gray.mkv', '..\\videos\\source\\DrivingPOV_LossLess.mp4', '.\\videos\\gray.mkv', '..\\videos\\RIFE\\30\\DrivingPOV_30_rife-ncnn-v23_60.mp4']",No tracking data submitted.
8,28,"['..\\videos\\source\\DropsOnWater_LossLess.mp4', '.\\videos\\gray.mkv', '..\\videos\\SVP\\15\\DropsOnWater_15_svp_60.mp4', '.\\videos\\gray.mkv', '..\\videos\\source\\DropsOnWater_LossLess.mp4', '.\\videos\\gray.mkv', '..\\videos\\SVP\\15\\DropsOnWater_15_svp_60.mp4']",No tracking data submitted.
8,29,"['..\\videos\\source\\DrivingPOV_LossLess.mp4', '.\\videos\\gray.mkv', '..\\videos\\SVP\\15\\DrivingPOV_15_svp_60.mp4', '.\\videos\\gray.mkv', '..\\videos\\source\\DrivingPOV_LossLess.mp4', '.\\videos\\gray.mkv', '..\\videos\\SVP\\15\\DrivingPOV_15_svp_60.mp4']",No tracking data submitted.
9,0,"['..\\videos\\source\\GondolaPart1_LossLess.mp4', '.\\videos\\gray.mkv', '..\\videos\\duplicated\\30\\GondolaPart1_30.mp4', '.\\videos\\gray.mkv', '..\\videos\\source\\GondolaPart1_LossLess.mp4', '.\\videos\\gray.mkv', '..\\videos\\duplicated\\30\\GondolaPart1_30.mp4']",No tracking data submitted.
9,1,"['..\\videos\\source\\HomelessSleeping_LossLess.mp4', '.\\videos\\gray.mkv', '..\\videos\\RIFE\\30\\HomelessSleeping_30_rife-ncnn-v23_60.mp4', '.\\videos\\gray.mkv', '..\\videos\\source\\HomelessSleeping_LossLess.mp4', '.\\videos\\gray.mkv', '..\\videos\\RIFE\\30\\HomelessSleeping_30_rife-ncnn-v23_60.mp4']",No tracking data submitted.
9,2,"['..\\videos\\source\\GondolaPart3_LossLess.mp4', '.\\videos\\gray.mkv', '..\\videos\\duplicated\\15\\GondolaPart3_15.mp4', '.\\videos\\gray.mkv', '..\\videos\\source\\GondolaPart3_LossLess.mp4', '.\\videos\\gray.mkv', '..\\videos\\duplicated\\15\\GondolaPart3_15.mp4']",No tracking data submitted.
9,3,"['..\\videos\\source\\GondolaPart3_LossLess.mp4', '.\\videos\\gray.mkv', '..\\videos\\SVP\\15\\GondolaPart3_15_svp_60.mp4', '.\\videos\\gray.mkv', '..\\videos\\source\\GondolaPart3_LossLess.mp4', '.\\videos\\gray.mkv', '..\\videos\\SVP\\15\\GondolaPart3_15_svp_60.mp4']",No tracking data submitted.
9,4,"['..\\videos\\source\\GodOfForges2_LossLess.mp4', '.\\videos\\gray.mkv', '..\\videos\\SVP\\15\\GodOfForges2_15_svp_60.mp4', '.\\videos\\gray.mkv', '..\\videos\\source\\GodOfForges2_LossLess.mp4', '.\\videos\\gray.mkv', '..\\videos\\SVP\\15\\GodOfForges2_15_svp_60.mp4']",No tracking data submitted.
9,5,"['..\\videos\\source\\GondolaPart3_LossLess.mp4', '.\\videos\\gray.mkv', '..\\videos\\SVP\\30\\GondolaPart3_30_svp_60.mp4', '.\\videos\\gray.mkv', '..\\videos\\source\\GondolaPart3_LossLess.mp4', '.\\videos\\gray.mkv', '..\\videos\\SVP\\30\\GondolaPart3_30_svp_60.mp4']",No tracking data submitted.
9,6,"['..\\videos\\source\\HomelessSleeping_LossLess.mp4', '.\\videos\\gray.mkv', '..\\videos\\SVP\\15\\HomelessSleeping_15_svp_60.mp4', '.\\videos\\gray.mkv', '..\\videos\\source\\HomelessSleeping_LossLess.mp4', '.\\videos\\gray.mkv', '..\\videos\\SVP\\15\\HomelessSleeping_15_svp_60.mp4']",No tracking data submitted.
9,7,"['..\\videos\\source\\GondolaPart3_LossLess.mp4', '.\\videos\\gray.mkv', '..\\videos\\duplicated\\30\\GondolaPart3_30.mp4', '.\\videos\\gray.mkv', '..\\videos\\source\\GondolaPart3_LossLess.mp4', '.\\videos\\gray.mkv', '..\\videos\\duplicated\\30\\GondolaPart3_30.mp4']",No tracking data submitted.
9,8,"['..\\videos\\source\\GondolaPart3_LossLess.mp4', '.\\videos\\gray.mkv', '..\\videos\\RIFE\\30\\GondolaPart3_30_rife-ncnn-v23_60.mp4', '.\\videos\\gray.mkv', '..\\videos\\source\\GondolaPart3_LossLess.mp4', '.\\videos\\gray.mkv', '..\\videos\\RIFE\\30\\GondolaPart3_30_rife-ncnn-v23_60.mp4']",No tracking data submitted.
9,9,"['..\\videos\\source\\GodOfForges2_LossLess.mp4', '.\\videos\\gray.mkv', '..\\videos\\duplicated\\15\\GodOfForges2_15.mp4', '.\\videos\\gray.mkv', '..\\videos\\source\\GodOfForges2_LossLess.mp4', '.\\videos\\gray.mkv', '..\\videos\\duplicated\\15\\GodOfForges2_15.mp4']",No tracking data submitted.
9,10,"['..\\videos\\source\\GondolaPart2_LossLess.mp4', '.\\videos\\gray.mkv', '..\\videos\\duplicated\\30\\GondolaPart2_30.mp4', '.\\videos\\gray.mkv', '..\\videos\\source\\GondolaPart2_LossLess.mp4', '.\\videos\\gray.mkv', '..\\videos\\duplicated\\30\\GondolaPart2_30.mp4']",No tracking data submitted.
9,11,"['..\\videos\\source\\GondolaPart3_LossLess.mp4', '.\\videos\\gray.mkv', '..\\videos\\RIFE\\15\\GondolaPart3_15_rife-ncnn-v23_60.mp4', '.\\videos\\gray.mkv', '..\\videos\\source\\GondolaPart3_LossLess.mp4', '.\\videos\\gray.mkv', '..\\videos\\RIFE\\15\\GondolaPart3_15_rife-ncnn-v23_60.mp4']",No tracking data submitted.
9,12,"['..\\videos\\source\\GondolaPart2_LossLess.mp4', '.\\videos\\gray.mkv', '..\\videos\\RIFE\\30\\GondolaPart2_30_rife-ncnn-v23_60.mp4', '.\\videos\\gray.mkv', '..\\videos\\source\\GondolaPart2_LossLess.mp4', '.\\videos\\gray.mkv', '..\\videos\\RIFE\\30\\GondolaPart2_30_rife-ncnn-v23_60.mp4']",No tracking data submitted.
9,13,"['..\\videos\\source\\GondolaPart1_LossLess.mp4', '.\\videos\\gray.mkv', '..\\videos\\duplicated\\15\\GondolaPart1_15.mp4', '.\\videos\\gray.mkv', '..\\videos\\source\\GondolaPart1_LossLess.mp4', '.\\videos\\gray.mkv', '..\\videos\\duplicated\\15\\GondolaPart1_15.mp4']",No tracking data submitted.
9,14,"['..\\videos\\source\\HomelessSleeping_LossLess.mp4', '.\\videos\\gray.mkv', '..\\videos\\SVP\\30\\HomelessSleeping_30_svp_60.mp4', '.\\videos\\gray.mkv', '..\\videos\\source\\HomelessSleeping_LossLess.mp4', '.\\videos\\gray.mkv', '..\\videos\\SVP\\30\\HomelessSleeping_30_svp_60.mp4']",No tracking data submitted.
9,15,"['..\\videos\\source\\GondolaPart1_LossLess.mp4', '.\\videos\\gray.mkv', '..\\videos\\SVP\\30\\GondolaPart1_30_svp_60.mp4', '.\\videos\\gray.mkv', '..\\videos\\source\\GondolaPart1_LossLess.mp4', '.\\videos\\gray.mkv', '..\\videos\\SVP\\30\\GondolaPart1_30_svp_60.mp4']",No tracking data submitted.
9,16,"['..\\videos\\source\\GodOfForges2_LossLess.mp4', '.\\videos\\gray.mkv', '..\\videos\\duplicated\\30\\GodOfForges2_30.mp4', '.\\videos\\gray.mkv', '..\\videos\\source\\GodOfForges2_LossLess.mp4', '.\\videos\\gray.mkv', '..\\videos\\duplicated\\30\\GodOfForges2_30.mp4']",No tracking data submitted.
9,17,"['..\\videos\\source\\GondolaPart2_LossLess.mp4', '.\\videos\\gray.mkv', '..\\videos\\RIFE\\15\\GondolaPart2_15_rife-ncnn-v23_60.mp4', '.\\videos\\gray.mkv', '..\\videos\\source\\GondolaPart2_LossLess.mp4', '.\\videos\\gray.mkv', '..\\videos\\RIFE\\15\\GondolaPart2_15_rife-ncnn-v23_60.mp4']",No tracking data submitted.
9,18,"['..\\videos\\source\\HomelessSleeping_LossLess.mp4', '.\\videos\\gray.mkv', '..\\videos\\duplicated\\30\\HomelessSleeping_30.mp4', '.\\videos\\gray.mkv', '..\\videos\\source\\HomelessSleeping_LossLess.mp4', '.\\videos\\gray.mkv', '..\\videos\\duplicated\\30\\HomelessSleeping_30.mp4']",No tracking data submitted.
9,19,"['..\\videos\\source\\GodOfForges2_LossLess.mp4', '.\\videos\\gray.mkv', '..\\videos\\RIFE\\15\\GodOfForges2_15_rife-ncnn-v23_60.mp4', '.\\videos\\gray.mkv', '..\\videos\\source\\GodOfForges2_LossLess.mp4', '.\\videos\\gray.mkv', '..\\videos\\RIFE\\15\\GodOfForges2_15_rife-ncnn-v23_60.mp4']",No tracking data submitted.
9,20,"['..\\videos\\source\\GodOfForges2_LossLess.mp4', '.\\videos\\gray.mkv', '..\\videos\\RIFE\\30\\GodOfForges2_30_rife-ncnn-v23_60.mp4', '.\\videos\\gray.mkv', '..\\videos\\source\\GodOfForges2_LossLess.mp4', '.\\videos\\gray.mkv', '..\\videos\\RIFE\\30\\GodOfForges2_30_rife-ncnn-v23_60.mp4']",No tracking data submitted.
9,21,"['..\\videos\\source\\GondolaPart1_LossLess.mp4', '.\\videos\\gray.mkv', '..\\videos\\RIFE\\30\\GondolaPart1_30_rife-ncnn-v23_60.mp4', '.\\videos\\gray.mkv', '..\\videos\\source\\GondolaPart1_LossLess.mp4', '.\\videos\\gray.mkv', '..\\videos\\RIFE\\30\\GondolaPart1_30_rife-ncnn-v23_60.mp4']",No tracking data submitted.
9,22,"['..\\videos\\source\\HomelessSleeping_LossLess.mp4', '.\\videos\\gray.mkv', '..\\videos\\RIFE\\15\\HomelessSleeping_15_rife-ncnn-v23_60.mp4', '.\\videos\\gray.mkv', '..\\videos\\source\\HomelessSleeping_LossLess.mp4', '.\\videos\\gray.mkv', '..\\videos\\RIFE\\15\\HomelessSleeping_15_rife-ncnn-v23_60.mp4']",No tracking data submitted.
9,23,"['..\\videos\\source\\GondolaPart1_LossLess.mp4', '.\\videos\\gray.mkv', '..\\videos\\SVP\\15\\GondolaPart1_15_svp_60.mp4', '.\\videos\\gray.mkv', '..\\videos\\source\\GondolaPart1_LossLess.mp4', '.\\videos\\gray.mkv', '..\\videos\\SVP\\15\\GondolaPart1_15_svp_60.mp4']",No tracking data submitted.
9,24,"['..\\videos\\source\\GondolaPart1_LossLess.mp4', '.\\videos\\gray.mkv', '..\\videos\\RIFE\\15\\GondolaPart1_15_rife-ncnn-v23_60.mp4', '.\\videos\\gray.mkv', '..\\videos\\source\\GondolaPart1_LossLess.mp4', '.\\videos\\gray.mkv', '..\\videos\\RIFE\\15\\GondolaPart1_15_rife-ncnn-v23_60.mp4']",No tracking data submitted.
9,25,"['..\\videos\\source\\GondolaPart2_LossLess.mp4', '.\\videos\\gray.mkv', '..\\videos\\SVP\\30\\GondolaPart2_30_svp_60.mp4', '.\\videos\\gray.mkv', '..\\videos\\source\\GondolaPart2_LossLess.mp4', '.\\videos\\gray.mkv', '..\\videos\\SVP\\30\\GondolaPart2_30_svp_60.mp4']",No tracking data submitted.
9,26,"['..\\videos\\source\\GodOfForges2_LossLess.mp4', '.\\videos\\gray.mkv', '..\\videos\\SVP\\30\\GodOfForges2_30_svp_60.mp4', '.\\videos\\gray.mkv', '..\\videos\\source\\GodOfForges2_LossLess.mp4', '.\\videos\\gray.mkv', '..\\videos\\SVP\\30\\GodOfForges2_30_svp_60.mp4']",No tracking data submitted.
9,27,"['..\\videos\\source\\GondolaPart2_LossLess.mp4', '.\\videos\\gray.mkv', '..\\videos\\duplicated\\15\\GondolaPart2_15.mp4', '.\\videos\\gray.mkv', '..\\videos\\source\\GondolaPart2_LossLess.mp4', '.\\videos\\gray.mkv', '..\\videos\\duplicated\\15\\GondolaPart2_15.mp4']",No tracking data submitted.
9,28,"['..\\videos\\source\\GondolaPart2_LossLess.mp4', '.\\videos\\gray.mkv', '..\\videos\\SVP\\15\\GondolaPart2_15_svp_60.mp4', '.\\videos\\gray.mkv', '..\\videos\\source\\GondolaPart2_LossLess.mp4', '.\\videos\\gray.mkv', '..\\videos\\SVP\\15\\GondolaPart2_15_svp_60.mp4']",No tracking data submitted.
9,29,"['..\\videos\\source\\HomelessSleeping_LossLess.mp4', '.\\videos\\gray.mkv', '..\\videos\\duplicated\\15\\HomelessSleeping_15.mp4', '.\\videos\\gray.mkv', '..\\videos\\source\\HomelessSleeping_LossLess.mp4', '.\\videos\\gray.mkv', '..\\videos\\duplicated\\15\\HomelessSleeping_15.mp4']",No tracking data submitted.
